key,Result
12344,0
12345,1
12346,0
12347,0
12348,1
12349,1
12350,0
12351,0
12352,1
12353,1
12354,1
12355,0
12356,0
12357,0
12358,1
12359,0
12360,1
12361,0
12362,0
12363,1
12364,1
12365,1
12366,0
12367,1
12368,1
12369,1
12370,0
12371,1
12372,1
12373,1
12374,1
12375,1
12376,1
12377,1
12378,0
12379,0
12380,0
12381,0
12382,1
12383,0
12384,1
12385,1
12386,0
12387,0
12388,0
12389,1
12390,1
12391,0
12392,0
12393,1
12394,1
12395,1
12396,1
12397,0
12398,0
12399,0
12400,1
12401,1
12402,0
12403,0
12404,0
12405,0
12406,1
12407,1
12408,1
12409,1
12410,0
12411,0
12412,1
12413,0
12414,1
12415,1
12416,0
12417,1
12418,0
12419,0
12420,1
12421,1
12422,0
12423,1
12424,0
12425,1
12426,1
12427,1
12428,1
12429,0
12430,0
12431,1
12432,1
12433,0
12434,0
12435,1
12436,1
12437,0
12438,1
12439,0
12440,1
12441,0
12442,0
12443,1
12444,0
12445,0
12446,1
12447,0
12448,1
12449,0
12450,0
12451,0
12452,1
12453,0
12454,1
12455,0
12456,1
12457,1
12458,1
12459,1
12460,0
12461,0
12462,1
12463,1
12464,0
12465,1
12466,1
12467,0
12468,0
12469,1
12470,1
12471,1
12472,0
12473,1
12474,0
12475,1
12476,0
12477,1
12478,0
12479,1
12480,0
12481,1
12482,0
12483,1
12484,1
12485,0
12486,0
12487,0
12488,0
12489,1
12490,0
12491,1
12492,1
12493,1
12494,1
12495,1
12496,1
12497,1
12498,0
12499,1
12500,0
12501,0
12502,1
12503,1
12504,1
12505,1
12506,0
12507,1
12508,0
12509,1
12510,1
12511,1
12512,0
12513,1
12514,0
12515,1
12516,1
12517,1
12518,1
12519,1
12520,0
12521,0
12522,1
12523,1
12524,1
12525,1
12526,1
12527,1
12528,1
12529,1
12530,1
12531,1
12532,0
12533,1
12534,1
12535,0
12536,1
12537,0
12538,0
12539,0
12540,1
12541,0
12542,0
12543,1
12544,0
12545,0
12546,1
12547,1
12548,0
12549,0
12550,1
12551,1
12552,1
12553,0
12554,1
12555,1
12556,0
12557,1
12558,1
12559,0
12560,1
12561,1
12562,0
12563,1
12564,0
12565,1
12566,1
12567,0
12568,0
12569,1
12570,0
12571,1
12572,1
12573,1
12574,0
12575,1
12576,1
12577,1
12578,1
12579,1
12580,1
12581,1
12582,1
12583,0
12584,1
12585,0
12586,1
12587,1
12588,0
12589,0
12590,1
12591,1
12592,0
12593,0
12594,0
12595,0
12596,0
12597,1
12598,0
12599,1
12600,0
12601,0
12602,1
12603,1
12604,1
12605,1
12606,0
12607,1
12608,0
12609,1
12610,0
12611,1
12612,1
12613,1
12614,0
12615,1
12616,1
12617,0
12618,1
12619,1
12620,1
12621,0
12622,0
12623,1
12624,1
12625,0
12626,1
12627,1
12628,0
12629,1
12630,0
12631,1
12632,1
12633,0
12634,1
12635,1
12636,1
12637,0
12638,1
12639,1
12640,1
12641,0
12642,1
12643,0
12644,1
12645,0
12646,1
12647,0
12648,1
12649,1
12650,1
12651,1
12652,1
12653,1
12654,1
12655,0
12656,0
12657,1
12658,1
12659,0
12660,0
12661,1
12662,1
12663,1
12664,1
12665,1
12666,1
12667,1
12668,1
12669,1
12670,0
12671,0
12672,0
12673,1
12674,1
12675,1
12676,1
12677,1
12678,0
12679,0
12680,1
12681,0
12682,0
12683,1
12684,1
12685,1
12686,1
12687,1
12688,1
12689,1
12690,0
12691,1
12692,1
12693,1
12694,0
12695,1
12696,0
12697,1
12698,1
12699,1
12700,1
12701,1
12702,1
12703,1
12704,0
12705,0
12706,1
12707,0
12708,1
12709,1
12710,1
12711,1
12712,0
12713,0
12714,1
12715,0
12716,0
12717,1
12718,0
12719,0
12720,1
12721,0
12722,1
12723,1
12724,1
12725,1
12726,0
12727,1
12728,0
12729,1
12730,0
12731,1
12732,1
12733,0
12734,0
12735,1
12736,1
12737,0
12738,1
12739,1
12740,1
12741,1
12742,1
12743,1
12744,1
12745,1
12746,1
12747,1
12748,1
12749,1
12750,1
12751,1
12752,0
12753,1
12754,1
12755,1
12756,1
12757,1
12758,0
12759,0
12760,0
12761,0
12762,0
12763,0
12764,0
12765,0
12766,1
12767,1
12768,1
12769,0
12770,0
12771,1
12772,1
12773,1
12774,1
12775,1
12776,1
12777,1
12778,0
12779,1
12780,0
12781,1
12782,1
12783,1
12784,1
12785,0
12786,0
12787,1
12788,0
12789,1
12790,0
12791,1
12792,1
12793,0
12794,1
12795,0
12796,0
12797,1
12798,0
12799,1
12800,1
12801,1
12802,0
12803,0
12804,0
12805,0
12806,1
12807,1
12808,1
12809,1
12810,0
12811,0
12812,1
12813,1
12814,0
12815,0
12816,1
12817,1
12818,0
12819,0
12820,0
12821,0
12822,0
12823,1
12824,1
12825,0
12826,0
12827,1
12828,0
12829,0
12830,1
12831,1
12832,1
12833,1
12834,1
12835,1
12836,0
12837,0
12838,0
12839,0
12840,1
12841,1
12842,0
12843,1
12844,1
12845,1
12846,1
12847,0
12848,1
12849,1
12850,1
12851,1
12852,1
12853,1
12854,1
12855,1
12856,0
12857,1
12858,0
12859,0
12860,1
12861,1
12862,1
12863,0
12864,0
12865,0
12866,0
12867,1
12868,1
12869,1
12870,1
12871,1
12872,1
12873,1
12874,1
12875,0
12876,0
12877,0
12878,0
12879,1
12880,1
12881,0
12882,1
12883,0
12884,0
12885,0
12886,1
12887,1
12888,1
12889,1
12890,1
12891,0
12892,1
12893,0
12894,1
12895,1
12896,1
12897,1
12898,1
12899,0
12900,1
12901,0
12902,1
12903,0
12904,1
12905,1
12906,1
12907,1
12908,1
12909,1
12910,1
12911,0
12912,1
12913,1
12914,1
12915,1
12916,0
12917,0
12918,1
12919,1
12920,1
12921,0
12922,0
12923,1
12924,1
12925,1
12926,1
12927,1
12928,0
12929,1
12930,1
12931,0
12932,1
12933,1
12934,1
12935,1
12936,1
12937,1
12938,1
12939,0
12940,1
12941,1
12942,1
12943,0
12944,0
12945,1
12946,1
12947,1
12948,1
12949,1
12950,1
12951,1
12952,0
12953,1
12954,1
12955,1
12956,0
12957,1
12958,0
12959,1
12960,0
12961,0
12962,0
12963,1
12964,1
12965,1
12966,0
12967,0
12968,0
12969,0
12970,0
12971,1
12972,0
12973,0
12974,1
12975,1
12976,1
12977,0
12978,1
12979,0
12980,1
12981,1
12982,1
12983,0
12984,0
12985,0
12986,1
12987,0
12988,1
12989,1
12990,0
12991,1
12992,0
12993,1
12994,0
12995,0
12996,0
12997,0
12998,0
12999,1
13000,0
13001,1
13002,0
13003,0
13004,0
13005,0
13006,0
13007,1
13008,0
13009,1
13010,1
13011,1
13012,0
13013,1
13014,1
13015,1
13016,1
13017,0
13018,1
13019,1
13020,0
13021,0
13022,1
13023,1
13024,1
13025,1
13026,1
13027,0
13028,1
13029,1
13030,1
13031,0
13032,1
13033,0
13034,0
13035,0
13036,1
13037,0
13038,0
13039,0
13040,0
13041,1
13042,1
13043,1
13044,0
13045,1
13046,1
13047,0
13048,1
13049,1
13050,1
13051,0
13052,0
13053,1
13054,0
13055,0
13056,1
13057,1
13058,0
13059,1
13060,0
13061,1
13062,0
13063,0
13064,0
13065,1
13066,1
13067,0
13068,0
13069,1
13070,0
13071,1
13072,0
13073,1
13074,1
13075,0
13076,1
13077,1
13078,0
13079,0
13080,1
13081,1
13082,1
13083,1
13084,0
13085,0
13086,1
13087,1
13088,1
13089,1
13090,1
13091,0
13092,1
13093,1
13094,1
13095,0
13096,1
13097,1
13098,1
13099,0
13100,1
13101,1
13102,1
13103,1
13104,0
13105,1
13106,1
13107,1
13108,0
13109,0
13110,1
13111,0
13112,0
13113,0
13114,1
13115,0
13116,1
13117,0
13118,1
13119,0
13120,1
13121,1
13122,1
13123,0
13124,1
13125,1
13126,0
13127,0
13128,0
13129,0
13130,0
13131,1
13132,1
13133,0
13134,0
13135,1
13136,1
13137,0
13138,0
13139,0
13140,0
13141,0
13142,0
13143,1
13144,0
13145,0
13146,0
13147,1
13148,1
13149,1
13150,0
13151,1
13152,0
13153,0
13154,1
13155,0
13156,0
13157,0
13158,0
13159,1
13160,0
13161,1
13162,1
13163,1
13164,1
13165,1
13166,1
13167,0
13168,1
13169,1
13170,1
13171,1
13172,0
13173,1
13174,0
13175,0
13176,1
13177,0
13178,0
13179,1
13180,0
13181,1
13182,1
13183,1
13184,1
13185,1
13186,1
13187,1
13188,1
13189,0
13190,0
13191,0
13192,1
13193,0
13194,1
13195,1
13196,1
13197,1
13198,0
13199,0
13200,1
13201,0
13202,1
13203,1
13204,1
13205,0
13206,0
13207,1
13208,1
13209,0
13210,1
13211,1
13212,0
13213,1
13214,0
13215,0
13216,1
13217,1
13218,1
13219,1
13220,1
13221,1
13222,1
13223,0
13224,0
13225,1
13226,1
13227,0
13228,0
13229,1
13230,0
13231,0
13232,1
13233,1
13234,0
13235,0
13236,0
13237,1
13238,1
13239,1
13240,0
13241,1
13242,0
13243,0
13244,0
13245,0
13246,1
13247,0
13248,1
13249,0
13250,1
13251,0
13252,1
13253,1
13254,0
13255,1
13256,0
13257,0
13258,1
13259,0
13260,1
13261,0
13262,0
13263,1
13264,1
13265,0
13266,0
13267,1
13268,1
13269,1
13270,0
13271,0
13272,0
13273,1
13274,0
13275,1
13276,0
13277,0
13278,1
13279,1
13280,0
13281,0
13282,1
13283,1
13284,1
13285,0
13286,1
13287,1
13288,1
13289,1
13290,1
13291,1
13292,1
13293,0
13294,0
13295,0
13296,0
13297,1
13298,1
13299,1
13300,1
13301,0
13302,0
13303,0
13304,1
13305,1
13306,0
13307,0
13308,1
13309,1
13310,1
13311,1
13312,0
13313,0
13314,0
13315,1
13316,1
13317,0
13318,0
13319,0
13320,0
13321,1
13322,1
13323,1
13324,1
13325,0
13326,0
13327,1
13328,0
13329,1
13330,1
13331,0
13332,1
13333,0
13334,0
13335,1
13336,1
13337,0
13338,1
13339,0
13340,1
13341,1
13342,1
13343,1
13344,0
13345,0
13346,1
13347,1
13348,0
13349,0
13350,1
13351,1
13352,0
13353,1
13354,0
13355,1
13356,0
13357,0
13358,1
13359,0
13360,0
13361,1
13362,0
13363,1
13364,0
13365,0
13366,0
13367,1
13368,0
13369,1
13370,0
13371,1
13372,1
13373,1
13374,1
13375,0
13376,0
13377,1
13378,1
13379,0
13380,1
13381,1
13382,0
13383,0
13384,1
13385,1
13386,1
13387,0
13388,0
13389,0
13390,1
13391,0
13392,1
13393,0
13394,1
13395,0
13396,1
13397,0
13398,1
13399,1
13400,0
13401,0
13402,0
13403,0
13404,1
13405,0
13406,1
13407,1
13408,1
13409,1
13410,1
13411,1
13412,1
13413,0
13414,1
13415,0
13416,0
13417,1
13418,1
13419,1
13420,1
13421,0
13422,1
13423,0
13424,1
13425,1
13426,1
13427,0
13428,1
13429,0
13430,1
13431,1
13432,1
13433,1
13434,1
13435,0
13436,0
13437,1
13438,1
13439,1
13440,1
13441,1
13442,1
13443,1
13444,1
13445,1
13446,1
13447,0
13448,1
13449,1
13450,0
13451,1
13452,0
13453,0
13454,0
13455,1
13456,0
13457,0
13458,1
13459,0
13460,0
13461,1
13462,1
13463,0
13464,0
13465,1
13466,1
13467,1
13468,0
13469,1
13470,1
13471,0
13472,1
13473,1
13474,0
13475,1
13476,1
13477,0
13478,1
13479,0
13480,1
13481,1
13482,0
13483,0
13484,1
13485,0
13486,1
13487,1
13488,1
13489,0
13490,1
13491,1
13492,1
13493,1
13494,0
13495,1
13496,1
13497,1
13498,0
13499,1
13500,0
13501,1
13502,1
13503,0
13504,0
13505,1
13506,0
13507,0
13508,0
13509,0
13510,0
13511,0
13512,1
13513,0
13514,1
13515,0
13516,0
13517,1
13518,1
13519,1
13520,1
13521,0
13522,1
13523,0
13524,1
13525,0
13526,1
13527,1
13528,1
13529,0
13530,1
13531,1
13532,0
13533,1
13534,1
13535,1
13536,0
13537,0
13538,1
13539,1
13540,0
13541,1
13542,1
13543,0
13544,1
13545,0
13546,1
13547,1
13548,0
13549,1
13550,1
13551,1
13552,0
13553,1
13554,1
13555,1
13556,0
13557,1
13558,0
13559,1
13560,0
13561,1
13562,0
13563,1
13564,1
13565,1
13566,1
13567,1
13568,1
13569,1
13570,0
13571,0
13572,1
13573,1
13574,0
13575,0
13576,1
13577,1
13578,1
13579,1
13580,1
13581,1
13582,1
13583,1
13584,1
13585,0
13586,0
13587,0
13588,1
13589,1
13590,1
13591,1
13592,1
13593,0
13594,0
13595,1
13596,0
13597,0
13598,1
13599,1
13600,1
13601,1
13602,1
13603,1
13604,1
13605,0
13606,1
13607,1
13608,1
13609,0
13610,1
13611,0
13612,1
13613,1
13614,1
13615,1
13616,1
13617,1
13618,1
13619,0
13620,0
13621,1
13622,0
13623,1
13624,1
13625,1
13626,1
13627,0
13628,0
13629,1
13630,0
13631,0
13632,1
13633,0
13634,0
13635,1
13636,0
13637,1
13638,1
13639,1
13640,1
13641,0
13642,1
13643,0
13644,1
13645,0
13646,1
13647,1
13648,0
13649,0
13650,1
13651,1
13652,0
13653,1
13654,1
13655,1
13656,1
13657,1
13658,1
13659,1
13660,1
13661,1
13662,1
13663,1
13664,1
13665,1
13666,1
13667,0
13668,1
13669,1
13670,1
13671,1
13672,1
13673,0
13674,0
13675,0
13676,0
13677,0
13678,0
13679,0
13680,0
13681,1
13682,1
13683,1
13684,0
13685,0
13686,1
13687,1
13688,1
13689,1
13690,1
13691,1
13692,1
13693,0
13694,1
13695,0
13696,1
13697,1
13698,1
13699,1
13700,0
13701,0
13702,1
13703,0
13704,1
13705,0
13706,1
13707,1
13708,0
13709,1
13710,0
13711,0
13712,1
13713,0
13714,1
13715,1
13716,1
13717,0
13718,0
13719,0
13720,0
13721,1
13722,1
13723,1
13724,1
13725,0
13726,0
13727,1
13728,1
13729,0
13730,0
13731,1
13732,1
13733,0
13734,0
13735,0
13736,0
13737,0
13738,1
13739,1
13740,0
13741,0
13742,1
13743,0
13744,0
13745,1
13746,1
13747,1
13748,1
13749,1
13750,1
13751,0
13752,0
13753,0
13754,0
13755,1
13756,1
13757,0
13758,1
13759,1
13760,1
13761,0
13762,0
13763,1
13764,1
13765,1
13766,1
13767,1
13768,1
13769,1
13770,1
13771,0
13772,1
13773,0
13774,0
13775,1
13776,1
13777,1
13778,0
13779,0
13780,0
13781,0
13782,1
13783,1
13784,1
13785,1
13786,1
13787,1
13788,1
13789,1
13790,0
13791,0
13792,0
13793,0
13794,1
13795,1
13796,0
13797,1
13798,0
13799,0
13800,0
13801,1
13802,1
13803,1
13804,1
13805,1
13806,0
13807,1
13808,0
13809,1
13810,1
13811,1
13812,1
13813,1
13814,0
13815,1
13816,0
13817,1
13818,0
13819,1
13820,1
13821,1
13822,1
13823,1
13824,1
13825,1
13826,0
13827,1
13828,1
13829,1
13830,1
13831,0
13832,0
13833,1
13834,1
13835,1
13836,0
13837,0
13838,1
13839,1
13840,1
13841,1
13842,1
13843,0
13844,1
13845,1
13846,0
13847,1
13848,1
13849,1
13850,1
13851,1
13852,1
13853,1
13854,0
13855,1
13856,1
13857,1
13858,0
13859,0
13860,1
13861,1
13862,1
13863,1
13864,1
13865,1
13866,1
13867,0
13868,1
13869,1
13870,1
13871,0
13872,1
13873,0
13874,1
13875,0
13876,0
13877,0
13878,1
13879,1
13880,1
13881,0
13882,0
13883,0
13884,0
13885,0
13886,1
13887,0
13888,0
13889,1
13890,1
13891,1
13892,0
13893,1
13894,0
13895,1
13896,1
13897,1
13898,0
13899,0
13900,0
13901,1
13902,0
13903,1
13904,1
13905,0
13906,1
13907,0
13908,1
13909,0
13910,0
13911,0
13912,0
13913,0
13914,1
13915,0
13916,1
13917,0
13918,0
13919,0
13920,0
13921,0
13922,1
13923,0
13924,1
13925,1
13926,1
13927,0
13928,1
13929,1
13930,1
13931,1
13932,0
13933,1
13934,1
13935,0
13936,0
13937,1
13938,1
13939,1
13940,1
13941,1
13942,0
13943,1
13944,1
13945,1
13946,0
13947,1
13948,0
13949,0
13950,0
13951,1
13952,0
13953,0
13954,0
13955,0
13956,1
13957,1
13958,1
13959,0
13960,1
13961,1
13962,0
13963,0
13964,1
13965,1
13966,0
13967,0
13968,1
13969,0
13970,0
13971,1
13972,1
13973,0
13974,1
13975,0
13976,1
13977,1
13978,0
13979,0
13980,1
13981,1
13982,0
13983,0
13984,1
13985,0
13986,1
13987,0
13988,1
13989,1
13990,0
13991,1
13992,1
13993,0
13994,1
13995,0
13996,0
13997,1
13998,0
13999,0
14000,1
14001,0
14002,1
14003,1
14004,0
14005,0
14006,0
14007,1
14008,1
14009,1
14010,1
14011,0
14012,1
14013,0
14014,1
14015,1
14016,1
14017,0
14018,1
14019,0
14020,0
14021,1
14022,1
14023,0
14024,0
14025,1
14026,1
14027,0
14028,0
14029,0
14030,1
14031,1
14032,1
14033,0
14034,1
14035,1
14036,1
14037,0
14038,0
14039,1
14040,1
14041,0
14042,0
14043,1
14044,1
14045,1
14046,1
14047,1
14048,1
14049,1
14050,1
14051,1
14052,1
14053,1
14054,0
14055,1
14056,0
14057,1
14058,1
14059,0
14060,1
14061,1
14062,1
14063,0
14064,1
14065,1
14066,1
14067,0
14068,0
14069,0
14070,0
14071,0
14072,1
14073,1
14074,1
14075,1
14076,0
14077,1
14078,0
14079,0
14080,0
14081,1
14082,1
14083,1
14084,1
14085,0
14086,1
14087,1
14088,0
14089,1
14090,1
14091,1
14092,1
14093,0
14094,1
14095,0
14096,1
14097,1
14098,1
14099,1
14100,1
14101,1
14102,1
14103,0
14104,0
14105,1
14106,1
14107,0
14108,1
14109,0
14110,1
14111,0
14112,1
14113,1
14114,0
14115,0
14116,1
14117,1
14118,1
14119,0
14120,0
14121,1
14122,0
14123,1
14124,1
14125,0
14126,0
14127,1
14128,0
14129,0
14130,0
14131,1
14132,0
14133,1
14134,0
14135,0
14136,0
14137,1
14138,1
14139,1
14140,1
14141,1
14142,1
14143,0
14144,1
14145,1
14146,1
14147,1
14148,0
14149,1
14150,0
14151,1
14152,1
14153,0
14154,1
14155,1
14156,0
14157,0
14158,0
14159,0
14160,0
14161,1
14162,0
14163,0
14164,1
14165,1
14166,1
14167,1
14168,1
14169,1
14170,1
14171,1
14172,1
14173,0
14174,1
14175,1
14176,1
14177,1
14178,1
14179,1
14180,0
14181,1
14182,1
14183,0
14184,1
14185,1
14186,0
14187,0
14188,1
14189,0
14190,0
14191,0
14192,0
14193,1
14194,1
14195,0
14196,0
14197,0
14198,1
14199,1
14200,0
14201,1
14202,0
14203,1
14204,1
14205,0
14206,1
14207,1
14208,1
14209,1
14210,0
14211,0
14212,0
14213,0
14214,0
14215,0
14216,1
14217,1
14218,0
14219,1
14220,0
14221,1
14222,1
14223,1
14224,1
14225,1
14226,1
14227,1
14228,0
14229,0
14230,1
14231,1
14232,0
14233,1
14234,1
14235,0
14236,0
14237,1
14238,1
14239,1
14240,0
14241,1
14242,1
14243,1
14244,1
14245,0
14246,1
14247,0
14248,1
14249,1
14250,0
14251,1
14252,1
14253,0
14254,0
14255,0
14256,0
14257,1
14258,0
14259,1
14260,1
14261,1
14262,0
14263,1
14264,1
14265,1
14266,1
14267,1
14268,1
14269,1
14270,0
14271,1
14272,1
14273,1
14274,1
14275,1
14276,1
14277,0
14278,0
14279,1
14280,1
14281,0
14282,1
14283,1
14284,1
14285,1
14286,0
14287,0
14288,1
14289,1
14290,0
14291,0
14292,1
14293,0
14294,1
14295,1
14296,1
14297,1
14298,1
14299,1
14300,1
14301,1
14302,1
14303,0
14304,0
14305,0
14306,1
14307,0
14308,0
14309,1
14310,0
14311,0
14312,1
14313,1
14314,1
14315,1
14316,0
14317,1
14318,1
14319,0
14320,0
14321,1
14322,0
14323,1
14324,1
14325,0
14326,1
14327,0
14328,0
14329,0
14330,0
14331,1
14332,1
14333,1
14334,1
14335,1
14336,1
14337,1
14338,0
14339,0
14340,1
14341,0
14342,0
14343,0
14344,0
14345,0
14346,1
14347,0
14348,1
14349,0
14350,1
14351,1
14352,1
14353,1
14354,1
14355,1
14356,1
14357,1
14358,0
14359,0
14360,0
14361,1
14362,1
14363,1
14364,1
14365,1
14366,1
14367,0
14368,0
14369,0
14370,0
14371,1
14372,0
14373,1
14374,1
14375,0
14376,0
14377,0
14378,1
14379,1
14380,1
14381,1
14382,0
14383,1
14384,1
14385,1
14386,0
14387,0
14388,1
14389,0
14390,1
14391,1
14392,0
14393,1
14394,0
14395,1
14396,1
14397,1
14398,1
14399,0
14400,1
14401,1
14402,0
14403,0
14404,1
14405,1
14406,0
14407,0
14408,0
14409,1
14410,0
14411,1
14412,1
14413,1
14414,1
14415,1
14416,1
14417,0
14418,0
14419,1
14420,1
14421,1
14422,1
14423,0
14424,0
14425,1
14426,0
14427,0
14428,0
14429,1
14430,0
14431,1
14432,0
14433,0
14434,0
14435,0
14436,1
14437,1
14438,0
14439,0
14440,0
14441,0
14442,0
14443,1
14444,1
14445,1
14446,1
14447,1
14448,1
14449,1
14450,0
14451,1
14452,1
14453,0
14454,0
14455,1
14456,0
14457,1
14458,1
14459,1
14460,0
14461,1
14462,1
14463,0
14464,1
14465,1
14466,1
14467,1
14468,0
14469,1
14470,1
14471,0
14472,1
14473,1
14474,1
14475,0
14476,0
14477,0
14478,1
14479,1
14480,1
14481,0
14482,0
14483,0
14484,1
14485,0
14486,1
14487,0
14488,0
14489,0
14490,0
14491,1
14492,1
14493,1
14494,0
14495,1
14496,1
14497,1
14498,0
14499,1
14500,1
14501,1
14502,1
14503,0
14504,1
14505,1
14506,1
14507,1
14508,1
14509,1
14510,0
14511,0
14512,1
14513,0
14514,1
14515,0
14516,1
14517,0
14518,0
14519,1
14520,1
14521,1
14522,1
14523,1
14524,1
14525,0
14526,0
14527,1
14528,0
14529,1
14530,1
14531,0
14532,0
14533,0
14534,1
14535,1
14536,1
14537,0
14538,1
14539,1
14540,0
14541,0
14542,1
14543,0
14544,1
14545,0
14546,1
14547,0
14548,1
14549,0
14550,1
14551,1
14552,0
14553,1
14554,1
14555,1
14556,0
14557,0
14558,0
14559,1
14560,1
14561,0
14562,1
14563,1
14564,0
14565,0
14566,0
14567,1
14568,1
14569,1
14570,0
14571,0
14572,0
14573,0
14574,1
14575,1
14576,1
14577,1
14578,1
14579,1
14580,0
14581,0
14582,0
14583,1
14584,1
14585,1
14586,0
14587,1
14588,0
14589,1
14590,0
14591,1
14592,1
14593,0
14594,1
14595,0
14596,0
14597,0
14598,1
14599,0
14600,1
14601,0
14602,1
14603,1
14604,0
14605,0
14606,0
14607,0
14608,0
14609,0
14610,0
14611,0
14612,1
14613,1
14614,1
14615,0
14616,0
14617,1
14618,0
14619,0
14620,1
14621,0
14622,1
14623,0
14624,1
14625,0
14626,0
14627,0
14628,0
14629,1
14630,0
14631,1
14632,1
14633,0
14634,1
14635,1
14636,1
14637,1
14638,0
14639,0
14640,0
14641,0
14642,1
14643,1
14644,1
14645,0
14646,0
14647,1
14648,0
14649,1
14650,1
14651,1
14652,0
14653,1
14654,0
14655,0
14656,0
14657,1
14658,0
14659,0
14660,0
14661,1
14662,1
14663,1
14664,0
14665,0
14666,1
14667,0
14668,1
14669,1
14670,0
14671,1
14672,0
14673,1
14674,0
14675,1
14676,0
14677,1
14678,0
14679,0
14680,0
14681,0
14682,0
14683,1
14684,1
14685,1
14686,1
14687,1
14688,0
14689,0
14690,0
14691,1
14692,0
14693,1
14694,0
14695,0
14696,0
14697,0
14698,1
14699,1
14700,0
14701,1
14702,0
14703,1
14704,1
14705,1
14706,1
14707,1
14708,0
14709,1
14710,0
14711,1
14712,1
14713,1
14714,1
14715,0
14716,1
14717,1
14718,0
14719,0
14720,0
14721,0
14722,1
14723,0
14724,0
14725,1
14726,0
14727,0
14728,0
14729,1
14730,1
14731,1
14732,1
14733,0
14734,0
14735,0
14736,1
14737,0
14738,0
14739,1
14740,0
14741,1
14742,0
14743,1
14744,1
14745,1
14746,1
14747,0
14748,1
14749,1
14750,0
14751,0
14752,1
14753,0
14754,0
14755,1
14756,1
14757,0
14758,0
14759,0
14760,1
14761,1
14762,0
14763,0
14764,0
14765,0
14766,1
14767,1
14768,0
14769,0
14770,0
14771,1
14772,0
14773,1
14774,1
14775,0
14776,1
14777,1
14778,1
14779,1
14780,0
14781,0
14782,0
14783,0
14784,1
14785,0
14786,1
14787,1
14788,0
14789,0
14790,1
14791,1
14792,1
14793,1
14794,1
14795,1
14796,0
14797,1
14798,1
14799,1
14800,1
14801,1
14802,1
14803,1
14804,1
14805,0
14806,0
14807,1
14808,0
14809,1
14810,0
14811,1
14812,1
14813,0
14814,1
14815,1
14816,0
14817,0
14818,0
14819,0
14820,1
14821,0
14822,0
14823,0
14824,1
14825,1
14826,0
14827,1
14828,0
14829,1
14830,0
14831,1
14832,1
14833,1
14834,1
14835,0
14836,1
14837,1
14838,1
14839,0
14840,0
14841,1
14842,0
14843,1
14844,0
14845,1
14846,0
14847,0
14848,0
14849,0
14850,0
14851,1
14852,0
14853,0
14854,0
14855,1
14856,0
14857,0
14858,1
14859,1
14860,1
14861,1
14862,1
14863,1
14864,0
14865,1
14866,1
14867,1
14868,1
14869,0
14870,0
14871,1
14872,0
14873,1
14874,0
14875,1
14876,1
14877,1
14878,1
14879,0
14880,0
14881,1
14882,1
14883,1
14884,0
14885,0
14886,0
14887,1
14888,1
14889,0
14890,1
14891,1
14892,1
14893,0
14894,1
14895,0
14896,1
14897,1
14898,1
14899,0
14900,1
14901,0
14902,1
14903,1
14904,1
14905,0
14906,1
14907,1
14908,0
14909,1
14910,1
14911,1
14912,0
14913,1
14914,1
14915,0
14916,0
14917,1
14918,1
14919,1
14920,1
14921,0
14922,1
14923,0
14924,1
14925,1
14926,0
14927,0
14928,0
14929,1
14930,1
14931,1
14932,1
14933,1
14934,0
14935,1
14936,0
14937,1
14938,1
14939,1
14940,1
14941,1
14942,0
14943,0
14944,1
14945,1
14946,1
14947,1
14948,1
14949,1
14950,1
14951,1
14952,1
14953,0
14954,0
14955,1
14956,0
14957,0
14958,1
14959,1
14960,0
14961,0
14962,1
14963,1
14964,0
14965,0
14966,1
14967,1
14968,0
14969,0
14970,1
14971,0
14972,1
14973,0
14974,0
14975,1
14976,1
14977,1
14978,0
14979,1
14980,0
14981,0
14982,1
14983,1
14984,0
14985,0
14986,0
14987,0
14988,1
14989,0
14990,1
14991,1
14992,1
14993,1
14994,1
14995,1
14996,1
14997,0
14998,0
14999,1
15000,1
15001,0
15002,0
15003,1
15004,0
15005,0
15006,1
15007,1
15008,0
15009,0
15010,1
15011,1
15012,0
15013,1
15014,1
15015,1
15016,1
15017,0
15018,0
15019,1
15020,1
15021,1
15022,0
15023,0
15024,0
15025,1
15026,0
15027,0
15028,1
15029,1
15030,0
15031,0
15032,1
15033,0
15034,0
15035,1
15036,0
15037,0
15038,0
15039,1
15040,1
15041,1
15042,0
15043,1
15044,1
15045,0
15046,0
15047,0
15048,1
15049,1
15050,1
15051,1
15052,0
15053,0
15054,1
15055,0
15056,1
15057,0
15058,1
15059,0
15060,0
15061,1
15062,1
15063,1
15064,1
15065,0
15066,1
15067,1
15068,0
15069,1
15070,1
15071,1
15072,0
15073,1
15074,0
15075,0
15076,0
15077,1
15078,0
15079,1
15080,0
15081,0
15082,0
15083,0
15084,1
15085,1
15086,0
15087,1
15088,1
15089,1
15090,0
15091,0
15092,1
15093,0
15094,0
15095,0
15096,0
15097,1
15098,1
15099,1
15100,1
15101,1
15102,1
15103,0
15104,0
15105,0
15106,1
15107,1
15108,1
15109,1
15110,0
15111,0
15112,1
15113,0
15114,1
15115,0
15116,1
15117,0
15118,0
15119,1
15120,1
15121,1
15122,0
15123,0
15124,0
15125,1
15126,0
15127,0
15128,0
15129,1
15130,0
15131,1
15132,0
15133,1
15134,1
15135,1
15136,1
15137,1
15138,0
15139,1
15140,0
15141,1
15142,1
15143,1
15144,1
15145,0
15146,1
15147,1
15148,0
15149,1
15150,1
15151,1
15152,1
15153,0
15154,0
15155,1
15156,0
15157,1
15158,1
15159,0
15160,1
15161,1
15162,1
15163,0
15164,0
15165,1
15166,0
15167,0
15168,1
15169,1
15170,1
15171,1
15172,0
15173,0
15174,1
15175,0
15176,1
15177,0
15178,1
15179,1
15180,1
15181,0
15182,1
15183,0
15184,1
15185,1
15186,0
15187,1
15188,0
15189,0
15190,1
15191,0
15192,1
15193,0
15194,1
15195,0
15196,1
15197,0
15198,0
15199,1
15200,1
15201,1
15202,1
15203,1
15204,0
15205,0
15206,1
15207,1
15208,1
15209,0
15210,0
15211,0
15212,1
15213,1
15214,1
15215,1
15216,0
15217,1
15218,0
15219,0
15220,0
15221,1
15222,1
15223,1
15224,0
15225,0
15226,1
15227,0
15228,0
15229,1
15230,1
15231,1
15232,1
15233,1
15234,1
15235,1
15236,1
15237,0
15238,0
15239,1
15240,1
15241,0
15242,1
15243,0
15244,0
15245,1
15246,0
15247,1
15248,0
15249,1
15250,0
15251,0
15252,0
15253,0
15254,0
15255,1
15256,0
15257,0
15258,1
15259,1
15260,1
15261,0
15262,1
15263,1
15264,1
15265,0
15266,1
15267,1
15268,1
15269,1
15270,0
15271,1
15272,1
15273,1
15274,0
15275,0
15276,1
15277,0
15278,0
15279,1
15280,1
15281,1
15282,0
15283,0
15284,1
15285,0
15286,1
15287,0
15288,1
15289,1
15290,1
15291,0
15292,1
15293,1
15294,1
15295,1
15296,0
15297,1
15298,1
15299,1
15300,1
15301,1
15302,1
15303,1
15304,1
15305,1
15306,1
15307,1
15308,1
15309,1
15310,0
15311,1
15312,0
15313,1
15314,0
15315,1
15316,0
15317,1
15318,0
15319,1
15320,0
15321,1
15322,0
15323,1
15324,1
15325,1
15326,0
15327,0
15328,0
15329,0
15330,1
15331,1
15332,0
15333,0
15334,0
15335,0
15336,0
15337,0
15338,0
15339,1
15340,1
15341,0
15342,1
15343,0
15344,1
15345,0
15346,0
15347,1
15348,1
15349,1
15350,0
15351,1
15352,0
15353,1
15354,0
15355,1
15356,0
15357,0
15358,0
15359,1
15360,1
15361,0
15362,1
15363,0
15364,1
15365,0
15366,1
15367,1
15368,0
15369,0
15370,1
15371,1
15372,1
15373,0
15374,0
15375,0
15376,1
15377,0
15378,0
15379,0
15380,0
15381,0
15382,0
15383,1
15384,1
15385,1
15386,1
15387,1
15388,1
15389,0
15390,0
15391,1
15392,0
15393,1
15394,0
15395,1
15396,1
15397,0
15398,0
15399,0
15400,0
15401,1
15402,1
15403,0
15404,1
15405,1
15406,0
15407,1
15408,0
15409,1
15410,0
15411,1
15412,0
15413,0
15414,0
15415,0
15416,1
15417,1
15418,0
15419,1
15420,0
15421,1
15422,0
15423,1
15424,0
15425,1
15426,1
15427,1
15428,1
15429,1
15430,1
15431,1
15432,0
15433,0
15434,1
15435,1
15436,1
15437,1
15438,1
15439,0
15440,0
15441,1
15442,0
15443,1
15444,1
15445,1
15446,1
15447,1
15448,0
15449,1
15450,0
15451,1
15452,0
15453,1
15454,1
15455,0
15456,1
15457,1
15458,1
15459,1
15460,0
15461,1
15462,0
15463,1
15464,1
15465,1
15466,0
15467,1
15468,1
15469,1
15470,0
15471,0
15472,1
15473,1
15474,0
15475,0
15476,1
15477,1
15478,1
15479,0
15480,0
15481,1
15482,0
15483,1
15484,0
15485,0
15486,0
15487,1
15488,1
15489,1
15490,1
15491,0
15492,0
15493,1
15494,0
15495,1
15496,0
15497,0
15498,0
15499,1
15500,1
15501,1
15502,1
15503,0
15504,0
15505,1
15506,0
15507,1
15508,0
15509,1
15510,1
15511,1
15512,0
15513,1
15514,0
15515,0
15516,1
15517,0
15518,0
15519,0
15520,0
15521,0
15522,0
15523,0
15524,1
15525,1
15526,1
15527,1
15528,1
15529,0
15530,1
15531,0
15532,1
15533,1
15534,0
15535,1
15536,1
15537,1
15538,1
15539,0
15540,0
15541,0
15542,1
15543,1
15544,0
15545,1
15546,1
15547,0
15548,1
15549,0
15550,0
15551,1
15552,0
15553,0
15554,0
15555,0
15556,0
15557,1
15558,0
15559,0
15560,1
15561,1
15562,1
15563,0
15564,0
15565,1
15566,0
15567,0
15568,1
15569,1
15570,0
15571,0
15572,1
15573,0
15574,1
15575,0
15576,0
15577,0
15578,1
15579,1
15580,1
15581,0
15582,1
15583,0
15584,0
15585,1
15586,1
15587,0
15588,0
15589,1
15590,1
15591,1
15592,1
15593,1
15594,1
15595,1
15596,1
15597,0
15598,1
15599,1
15600,1
15601,1
15602,1
15603,1
15604,0
15605,0
15606,1
15607,1
15608,1
15609,1
15610,1
15611,1
15612,0
15613,1
15614,0
15615,0
15616,1
15617,1
15618,0
15619,0
15620,0
15621,1
15622,0
15623,0
15624,1
15625,1
15626,1
15627,0
15628,1
15629,0
15630,1
15631,0
15632,1
15633,1
15634,0
15635,0
15636,0
15637,0
15638,1
15639,1
15640,1
15641,1
15642,0
15643,1
15644,1
15645,0
15646,1
15647,0
15648,0
15649,1
15650,1
15651,1
15652,1
15653,1
15654,1
15655,0
15656,1
15657,0
15658,1
15659,1
15660,1
15661,1
15662,1
15663,1
15664,0
15665,0
15666,0
15667,0
15668,0
15669,0
15670,0
15671,0
15672,1
15673,1
15674,1
15675,1
15676,1
15677,1
15678,0
15679,0
15680,1
15681,1
15682,0
15683,1
15684,1
15685,1
15686,1
15687,0
15688,0
15689,0
15690,0
15691,1
15692,0
15693,0
15694,0
15695,1
15696,0
15697,1
15698,1
15699,0
15700,1
15701,1
15702,1
15703,1
15704,0
15705,0
15706,1
15707,0
15708,1
15709,0
15710,0
15711,1
15712,1
15713,0
15714,1
15715,1
15716,1
15717,0
15718,0
15719,1
15720,0
15721,1
15722,0
15723,0
15724,0
15725,1
15726,1
15727,1
15728,0
15729,0
15730,0
15731,1
15732,1
15733,0
15734,1
15735,0
15736,1
15737,1
15738,1
15739,0
15740,1
15741,0
15742,0
15743,1
15744,0
15745,0
15746,0
15747,0
15748,1
15749,1
15750,1
15751,0
15752,0
15753,1
15754,1
15755,1
15756,0
15757,1
15758,0
15759,0
15760,0
15761,0
15762,0
15763,1
15764,0
15765,0
15766,1
15767,1
15768,1
15769,1
15770,1
15771,0
15772,1
15773,0
15774,1
15775,0
15776,1
15777,0
15778,1
15779,0
15780,1
15781,1
15782,1
15783,1
15784,1
15785,0
15786,1
15787,1
15788,1
15789,1
15790,1
15791,0
15792,1
15793,0
15794,0
15795,1
15796,1
15797,0
15798,1
15799,1
15800,1
15801,0
15802,1
15803,1
15804,0
15805,0
15806,1
15807,0
15808,1
15809,0
15810,0
15811,0
15812,0
15813,0
15814,1
15815,0
15816,0
15817,1
15818,0
15819,1
15820,1
15821,1
15822,0
15823,0
15824,1
15825,1
15826,0
15827,0
15828,1
15829,1
15830,0
15831,1
15832,1
15833,0
15834,1
15835,1
15836,1
15837,1
15838,0
15839,1
15840,0
15841,0
15842,1
15843,1
15844,1
15845,0
15846,0
15847,1
15848,0
15849,1
15850,0
15851,0
15852,1
15853,1
15854,1
15855,1
15856,1
15857,1
15858,1
15859,1
15860,0
15861,1
15862,1
15863,1
15864,1
15865,1
15866,1
15867,1
15868,0
15869,0
15870,0
15871,1
15872,0
15873,1
15874,1
15875,1
15876,1
15877,1
15878,0
15879,1
15880,1
15881,1
15882,0
15883,0
15884,0
15885,1
15886,0
15887,0
15888,1
15889,0
15890,0
15891,1
15892,0
15893,0
15894,0
15895,1
15896,0
15897,0
15898,0
15899,1
15900,0
15901,1
15902,0
15903,1
15904,0
15905,0
15906,1
15907,1
15908,1
15909,0
15910,1
15911,0
15912,0
15913,0
15914,1
15915,1
15916,1
15917,1
15918,0
15919,1
15920,0
15921,0
15922,1
15923,1
15924,0
15925,1
15926,1
15927,0
15928,1
15929,1
15930,0
15931,0
15932,0
15933,0
15934,1
15935,1
15936,1
15937,0
15938,1
15939,1
15940,1
15941,1
15942,1
15943,1
15944,1
15945,1
15946,1
15947,0
15948,1
15949,0
15950,1
15951,0
15952,1
15953,1
15954,1
15955,0
15956,1
15957,1
15958,0
15959,1
15960,0
15961,1
15962,0
15963,1
15964,1
15965,1
15966,0
15967,1
15968,1
15969,0
15970,1
15971,0
15972,1
15973,1
15974,1
15975,1
15976,1
15977,1
15978,1
15979,0
15980,1
15981,1
15982,1
15983,1
15984,1
15985,1
15986,1
15987,1
15988,1
15989,1
15990,1
15991,0
15992,1
15993,1
15994,1
15995,0
15996,1
15997,0
15998,0
15999,0
16000,1
16001,1
16002,1
16003,1
16004,0
16005,0
16006,1
16007,1
16008,1
16009,0
16010,1
16011,1
16012,1
16013,1
16014,1
16015,0
16016,1
16017,1
16018,1
16019,0
16020,0
16021,1
16022,0
16023,1
16024,1
16025,0
16026,0
16027,1
16028,0
16029,1
16030,1
16031,1
16032,0
16033,0
16034,1
16035,0
16036,0
16037,0
16038,1
16039,1
16040,1
16041,1
16042,1
16043,1
16044,0
16045,1
16046,1
16047,1
16048,1
16049,1
16050,0
16051,0
16052,1
16053,0
16054,1
16055,0
16056,1
16057,1
16058,0
16059,1
16060,1
16061,1
16062,1
16063,0
16064,1
16065,1
16066,1
16067,0
16068,1
16069,0
16070,1
16071,1
16072,1
16073,1
16074,0
16075,0
16076,1
16077,0
16078,0
16079,1
16080,1
16081,1
16082,0
16083,1
16084,0
16085,1
16086,1
16087,1
16088,1
16089,0
16090,0
16091,0
16092,1
16093,1
16094,0
16095,0
16096,0
16097,0
16098,0
16099,0
16100,1
16101,0
16102,1
16103,0
16104,0
16105,1
16106,1
16107,1
16108,1
16109,1
16110,0
16111,0
16112,1
16113,0
16114,1
16115,0
16116,0
16117,1
16118,1
16119,1
16120,0
16121,1
16122,1
16123,0
16124,0
16125,0
16126,1
16127,0
16128,0
16129,1
16130,1
16131,0
16132,0
16133,0
16134,1
16135,0
16136,1
16137,1
16138,1
16139,1
16140,0
16141,1
16142,0
16143,1
16144,1
16145,1
16146,0
16147,0
16148,0
16149,1
16150,0
16151,1
16152,0
16153,1
16154,0
16155,1
16156,0
16157,0
16158,1
16159,1
16160,1
16161,0
16162,1
16163,0
16164,1
16165,1
16166,1
16167,1
16168,0
16169,0
16170,1
16171,1
16172,1
16173,1
16174,0
16175,1
16176,1
16177,1
16178,1
16179,1
16180,0
16181,1
16182,0
16183,1
16184,1
16185,1
16186,0
16187,0
16188,1
16189,1
16190,1
16191,1
16192,1
16193,1
16194,1
16195,1
16196,1
16197,0
16198,0
16199,1
16200,0
16201,1
16202,0
16203,1
16204,1
16205,1
16206,0
16207,0
16208,0
16209,0
16210,1
16211,1
16212,0
16213,1
16214,1
16215,1
16216,0
16217,0
16218,1
16219,0
16220,1
16221,0
16222,1
16223,1
16224,1
16225,0
16226,0
16227,1
16228,0
16229,0
16230,0
16231,0
16232,0
16233,0
16234,0
16235,0
16236,0
16237,1
16238,0
16239,1
16240,1
16241,1
16242,1
16243,0
16244,0
16245,0
16246,0
16247,0
16248,0
16249,1
16250,1
16251,1
16252,1
16253,1
16254,0
16255,1
16256,0
16257,0
16258,0
16259,1
16260,1
16261,0
16262,0
16263,0
16264,1
16265,0
16266,1
16267,1
16268,1
16269,1
16270,1
16271,1
16272,0
16273,1
16274,0
16275,1
16276,1
16277,1
16278,0
16279,0
16280,0
16281,0
16282,0
16283,1
16284,1
16285,1
16286,1
16287,0
16288,0
16289,1
16290,1
16291,0
16292,1
16293,0
16294,0
16295,0
16296,0
16297,1
16298,0
16299,1
16300,0
16301,0
16302,1
16303,0
16304,0
16305,0
16306,0
16307,0
16308,1
16309,0
16310,1
16311,0
16312,1
16313,1
16314,1
16315,0
16316,1
16317,1
16318,0
16319,0
16320,1
16321,0
16322,1
16323,1
16324,0
16325,1
16326,0
16327,0
16328,1
16329,0
16330,0
16331,1
16332,0
16333,1
16334,0
16335,1
16336,0
16337,1
16338,1
16339,1
16340,0
16341,0
16342,1
16343,1
16344,1
16345,0
16346,0
16347,1
16348,1
16349,0
16350,1
16351,1
16352,1
16353,0
16354,1
16355,0
16356,1
16357,0
16358,0
16359,1
16360,1
16361,0
16362,1
16363,1
16364,0
16365,0
16366,1
16367,1
16368,0
16369,1
16370,1
16371,0
16372,1
16373,0
16374,0
16375,1
16376,0
16377,0
16378,0
16379,1
16380,0
16381,0
16382,0
16383,0
16384,1
16385,1
16386,1
16387,1
16388,1
16389,0
16390,0
16391,1
16392,1
16393,0
16394,1
16395,1
16396,1
16397,1
16398,0
16399,0
16400,0
16401,1
16402,1
16403,1
16404,1
16405,0
16406,1
16407,0
16408,0
16409,0
16410,0
16411,0
16412,1
16413,1
16414,1
16415,0
16416,1
16417,0
16418,0
16419,1
16420,1
16421,1
16422,1
16423,0
16424,1
16425,1
16426,1
16427,0
16428,1
16429,1
16430,1
16431,1
16432,1
16433,1
16434,1
16435,0
16436,0
16437,0
16438,1
16439,1
16440,0
16441,1
16442,1
16443,1
16444,0
16445,1
16446,0
16447,0
16448,1
16449,0
16450,1
16451,1
16452,0
16453,0
16454,0
16455,1
16456,0
16457,1
16458,1
16459,0
16460,1
16461,1
16462,1
16463,0
16464,0
16465,1
16466,0
16467,1
16468,1
16469,0
16470,1
16471,0
16472,1
16473,1
16474,1
16475,1
16476,1
16477,1
16478,1
16479,0
16480,0
16481,0
16482,1
16483,0
16484,0
16485,0
16486,1
16487,0
16488,1
16489,1
16490,1
16491,1
16492,1
16493,1
16494,0
16495,0
16496,1
16497,1
16498,1
16499,1
16500,0
16501,0
16502,1
16503,0
16504,0
16505,0
16506,1
16507,0
16508,1
16509,0
16510,0
16511,1
16512,0
16513,1
16514,1
16515,0
16516,0
16517,0
16518,0
16519,0
16520,1
16521,1
16522,1
16523,1
16524,1
16525,1
16526,1
16527,1
16528,1
16529,1
16530,0
16531,1
16532,1
16533,1
16534,1
16535,1
16536,1
16537,0
16538,1
16539,1
16540,0
16541,1
16542,1
16543,1
16544,1
16545,0
16546,1
16547,1
16548,0
16549,1
16550,1
16551,1
16552,0
16553,0
16554,0
16555,1
16556,1
16557,1
16558,1
16559,0
16560,0
16561,1
16562,0
16563,1
16564,0
16565,0
16566,0
16567,0
16568,1
16569,1
16570,1
16571,0
16572,1
16573,0
16574,1
16575,0
16576,1
16577,1
16578,1
16579,1
16580,0
16581,1
16582,0
16583,1
16584,1
16585,0
16586,1
16587,0
16588,0
16589,1
16590,0
16591,1
16592,0
16593,1
16594,0
16595,0
16596,1
16597,1
16598,1
16599,1
16600,1
16601,1
16602,0
16603,0
16604,1
16605,0
16606,1
16607,1
16608,0
16609,0
16610,0
16611,1
16612,1
16613,1
16614,0
16615,1
16616,1
16617,0
16618,0
16619,1
16620,0
16621,1
16622,0
16623,0
16624,0
16625,1
16626,0
16627,1
16628,1
16629,0
16630,1
16631,1
16632,1
16633,0
16634,0
16635,0
16636,1
16637,1
16638,0
16639,1
16640,1
16641,0
16642,0
16643,0
16644,1
16645,1
16646,1
16647,0
16648,0
16649,0
16650,0
16651,1
16652,0
16653,1
16654,1
16655,1
16656,1
16657,0
16658,0
16659,0
16660,1
16661,1
16662,1
16663,0
16664,1
16665,0
16666,1
16667,0
16668,1
16669,1
16670,0
16671,1
16672,0
16673,0
16674,0
16675,1
16676,0
16677,1
16678,0
16679,1
16680,1
16681,0
16682,0
16683,0
16684,0
16685,0
16686,0
16687,0
16688,0
16689,1
16690,1
16691,1
16692,0
16693,0
16694,1
16695,0
16696,0
16697,1
16698,0
16699,1
16700,0
16701,1
16702,0
16703,0
16704,0
16705,0
16706,1
16707,0
16708,1
16709,1
16710,0
16711,1
16712,1
16713,1
16714,1
16715,0
16716,0
16717,0
16718,0
16719,1
16720,1
16721,1
16722,0
16723,0
16724,1
16725,0
16726,1
16727,1
16728,1
16729,0
16730,1
16731,0
16732,0
16733,0
16734,1
16735,0
16736,0
16737,0
16738,1
16739,1
16740,1
16741,0
16742,0
16743,1
16744,1
16745,1
16746,1
16747,0
16748,1
16749,0
16750,1
16751,0
16752,1
16753,0
16754,1
16755,0
16756,0
16757,0
16758,0
16759,0
16760,1
16761,1
16762,1
16763,1
16764,1
16765,0
16766,0
16767,0
16768,1
16769,0
16770,1
16771,0
16772,0
16773,0
16774,0
16775,1
16776,1
16777,0
16778,1
16779,0
16780,1
16781,1
16782,1
16783,1
16784,1
16785,0
16786,1
16787,0
16788,1
16789,1
16790,1
16791,1
16792,0
16793,1
16794,0
16795,0
16796,0
16797,0
16798,0
16799,1
16800,0
16801,0
16802,1
16803,0
16804,0
16805,0
16806,1
16807,1
16808,1
16809,1
16810,0
16811,0
16812,0
16813,1
16814,0
16815,0
16816,1
16817,0
16818,1
16819,0
16820,1
16821,1
16822,1
16823,1
16824,0
16825,1
16826,1
16827,0
16828,0
16829,1
16830,0
16831,0
16832,1
16833,1
16834,0
16835,0
16836,0
16837,1
16838,1
16839,0
16840,0
16841,0
16842,0
16843,0
16844,1
16845,0
16846,0
16847,0
16848,1
16849,0
16850,1
16851,1
16852,0
16853,1
16854,1
16855,1
16856,1
16857,0
16858,0
16859,0
16860,0
16861,1
16862,0
16863,1
16864,1
16865,0
16866,0
16867,1
16868,1
16869,1
16870,1
16871,1
16872,1
16873,0
16874,1
16875,1
16876,1
16877,1
16878,1
16879,1
16880,1
16881,1
16882,0
16883,0
16884,1
16885,0
16886,0
16887,0
16888,1
16889,1
16890,0
16891,1
16892,1
16893,0
16894,0
16895,0
16896,0
16897,1
16898,0
16899,0
16900,0
16901,1
16902,1
16903,0
16904,1
16905,0
16906,0
16907,0
16908,1
16909,1
16910,1
16911,1
16912,0
16913,1
16914,1
16915,1
16916,0
16917,0
16918,1
16919,0
16920,1
16921,0
16922,1
16923,0
16924,0
16925,0
16926,0
16927,0
16928,1
16929,0
16930,0
16931,0
16932,1
16933,0
16934,0
16935,1
16936,1
16937,1
16938,0
16939,1
16940,1
16941,0
16942,1
16943,1
16944,1
16945,1
16946,0
16947,0
16948,1
16949,0
16950,1
16951,0
16952,1
16953,1
16954,0
16955,1
16956,0
16957,0
16958,1
16959,1
16960,1
16961,0
16962,0
16963,0
16964,0
16965,1
16966,0
16967,1
16968,1
16969,1
16970,0
16971,1
16972,0
16973,1
16974,1
16975,1
16976,0
16977,1
16978,0
16979,1
16980,1
16981,0
16982,0
16983,1
16984,1
16985,0
16986,1
16987,1
16988,1
16989,0
16990,1
16991,1
16992,0
16993,0
16994,1
16995,1
16996,1
16997,1
16998,1
16999,1
17000,0
17001,1
17002,1
17003,0
17004,0
17005,0
17006,1
17007,1
17008,1
17009,1
17010,1
17011,0
17012,1
17013,0
17014,1
17015,1
17016,1
17017,1
17018,1
17019,0
17020,0
17021,1
17022,1
17023,1
17024,1
17025,1
17026,1
17027,1
17028,1
17029,1
17030,0
17031,0
17032,1
17033,0
17034,0
17035,1
17036,1
17037,1
17038,0
17039,1
17040,1
17041,0
17042,0
17043,1
17044,0
17045,0
17046,0
17047,1
17048,0
17049,0
17050,0
17051,0
17052,1
17053,1
17054,1
17055,0
17056,1
17057,0
17058,0
17059,1
17060,1
17061,0
17062,0
17063,0
17064,0
17065,1
17066,1
17067,1
17068,1
17069,1
17070,1
17071,1
17072,1
17073,0
17074,0
17075,0
17076,1
17077,1
17078,0
17079,0
17080,1
17081,0
17082,0
17083,1
17084,1
17085,0
17086,0
17087,1
17088,1
17089,0
17090,1
17091,1
17092,1
17093,1
17094,0
17095,0
17096,1
17097,1
17098,1
17099,0
17100,0
17101,0
17102,1
17103,0
17104,0
17105,1
17106,1
17107,0
17108,0
17109,1
17110,0
17111,0
17112,1
17113,0
17114,0
17115,0
17116,1
17117,1
17118,1
17119,0
17120,1
17121,1
17122,0
17123,0
17124,0
17125,1
17126,1
17127,1
17128,1
17129,0
17130,0
17131,1
17132,0
17133,1
17134,0
17135,1
17136,0
17137,0
17138,1
17139,1
17140,1
17141,1
17142,0
17143,1
17144,1
17145,1
17146,1
17147,1
17148,1
17149,0
17150,1
17151,0
17152,0
17153,0
17154,1
17155,0
17156,1
17157,0
17158,0
17159,0
17160,0
17161,1
17162,1
17163,0
17164,1
17165,1
17166,1
17167,0
17168,0
17169,1
17170,0
17171,0
17172,0
17173,0
17174,1
17175,1
17176,1
17177,1
17178,1
17179,1
17180,0
17181,0
17182,0
17183,1
17184,1
17185,1
17186,1
17187,0
17188,0
17189,1
17190,0
17191,1
17192,0
17193,1
17194,0
17195,0
17196,1
17197,1
17198,1
17199,0
17200,0
17201,0
17202,1
17203,0
17204,0
17205,0
17206,1
17207,0
17208,1
17209,0
17210,1
17211,1
17212,1
17213,1
17214,1
17215,0
17216,1
17217,0
17218,1
17219,1
17220,1
17221,1
17222,0
17223,1
17224,1
17225,0
17226,1
17227,1
17228,1
17229,1
17230,0
17231,0
17232,1
17233,0
17234,1
17235,1
17236,0
17237,1
17238,1
17239,1
17240,0
17241,0
17242,1
17243,0
17244,0
17245,1
17246,1
17247,1
17248,1
17249,1
17250,0
17251,1
17252,0
17253,1
17254,0
17255,1
17256,1
17257,0
17258,0
17259,1
17260,0
17261,1
17262,1
17263,0
17264,1
17265,0
17266,0
17267,1
17268,0
17269,1
17270,0
17271,1
17272,0
17273,1
17274,0
17275,0
17276,1
17277,1
17278,1
17279,1
17280,1
17281,0
17282,1
17283,1
17284,1
17285,1
17286,0
17287,0
17288,0
17289,1
17290,1
17291,1
17292,1
17293,0
17294,1
17295,0
17296,0
17297,0
17298,1
17299,0
17300,1
17301,0
17302,0
17303,1
17304,0
17305,0
17306,1
17307,1
17308,1
17309,1
17310,1
17311,1
17312,1
17313,1
17314,0
17315,0
17316,1
17317,1
17318,0
17319,1
17320,0
17321,0
17322,1
17323,0
17324,1
17325,0
17326,1
17327,0
17328,0
17329,0
17330,0
17331,0
17332,1
17333,0
17334,0
17335,1
17336,1
17337,1
17338,0
17339,1
17340,1
17341,1
17342,0
17343,1
17344,1
17345,1
17346,1
17347,0
17348,1
17349,1
17350,1
17351,1
17352,0
17353,1
17354,0
17355,0
17356,1
17357,1
17358,1
17359,0
17360,0
17361,1
17362,0
17363,1
17364,1
17365,1
17366,1
17367,1
17368,0
17369,1
17370,1
17371,1
17372,1
17373,0
17374,1
17375,1
17376,1
17377,1
17378,1
17379,1
17380,1
17381,1
17382,1
17383,1
17384,1
17385,1
17386,1
17387,0
17388,1
17389,0
17390,1
17391,0
17392,1
17393,0
17394,1
17395,0
17396,1
17397,0
17398,1
17399,0
17400,1
17401,1
17402,1
17403,0
17404,0
17405,0
17406,0
17407,1
17408,1
17409,0
17410,0
17411,0
17412,0
17413,0
17414,0
17415,0
17416,1
17417,1
17418,0
17419,1
17420,0
17421,1
17422,0
17423,1
17424,1
17425,1
17426,1
17427,0
17428,1
17429,0
17430,1
17431,0
17432,1
17433,0
17434,0
17435,0
17436,1
17437,1
17438,1
17439,1
17440,0
17441,1
17442,0
17443,1
17444,1
17445,0
17446,0
17447,1
17448,1
17449,1
17450,0
17451,0
17452,0
17453,1
17454,0
17455,0
17456,0
17457,0
17458,0
17459,0
17460,1
17461,1
17462,1
17463,1
17464,1
17465,1
17466,0
17467,0
17468,1
17469,0
17470,1
17471,0
17472,1
17473,1
17474,0
17475,0
17476,0
17477,0
17478,1
17479,1
17480,0
17481,0
17482,1
17483,0
17484,1
17485,0
17486,1
17487,0
17488,1
17489,0
17490,0
17491,0
17492,0
17493,1
17494,1
17495,0
17496,1
17497,0
17498,1
17499,0
17500,1
17501,0
17502,1
17503,1
17504,1
17505,1
17506,1
17507,1
17508,1
17509,0
17510,0
17511,1
17512,1
17513,1
17514,1
17515,1
17516,0
17517,0
17518,1
17519,0
17520,1
17521,1
17522,1
17523,1
17524,1
17525,0
17526,0
17527,0
17528,1
17529,0
17530,1
17531,1
17532,0
17533,1
17534,0
17535,1
17536,1
17537,0
17538,1
17539,0
17540,1
17541,1
17542,1
17543,0
17544,1
17545,1
17546,1
17547,0
17548,0
17549,1
17550,1
17551,0
17552,0
17553,0
17554,1
17555,1
17556,0
17557,0
17558,1
17559,0
17560,1
17561,0
17562,0
17563,0
17564,1
17565,1
17566,1
17567,1
17568,0
17569,0
17570,1
17571,1
17572,1
17573,0
17574,0
17575,0
17576,1
17577,1
17578,1
17579,1
17580,1
17581,0
17582,1
17583,0
17584,1
17585,0
17586,1
17587,1
17588,1
17589,0
17590,1
17591,0
17592,0
17593,1
17594,0
17595,0
17596,0
17597,0
17598,0
17599,0
17600,0
17601,1
17602,1
17603,1
17604,1
17605,1
17606,0
17607,1
17608,0
17609,1
17610,1
17611,0
17612,1
17613,1
17614,0
17615,1
17616,0
17617,0
17618,0
17619,1
17620,1
17621,0
17622,1
17623,1
17624,0
17625,1
17626,0
17627,0
17628,1
17629,0
17630,0
17631,0
17632,0
17633,0
17634,1
17635,0
17636,0
17637,1
17638,1
17639,1
17640,0
17641,0
17642,1
17643,0
17644,0
17645,1
17646,1
17647,0
17648,0
17649,1
17650,0
17651,1
17652,0
17653,0
17654,0
17655,1
17656,1
17657,1
17658,0
17659,1
17660,0
17661,0
17662,1
17663,1
17664,1
17665,0
17666,1
17667,1
17668,1
17669,1
17670,1
17671,1
17672,1
17673,1
17674,0
17675,1
17676,1
17677,1
17678,1
17679,1
17680,1
17681,0
17682,0
17683,1
17684,1
17685,1
17686,1
17687,1
17688,1
17689,0
17690,1
17691,0
17692,0
17693,1
17694,1
17695,0
17696,0
17697,0
17698,1
17699,0
17700,0
17701,1
17702,1
17703,1
17704,0
17705,1
17706,0
17707,1
17708,0
17709,1
17710,1
17711,0
17712,0
17713,0
17714,0
17715,1
17716,1
17717,1
17718,1
17719,0
17720,1
17721,1
17722,0
17723,1
17724,0
17725,0
17726,1
17727,1
17728,1
17729,1
17730,1
17731,1
17732,0
17733,1
17734,0
17735,1
17736,1
17737,1
17738,1
17739,1
17740,1
17741,0
17742,0
17743,0
17744,0
17745,0
17746,0
17747,0
17748,0
17749,1
17750,1
17751,1
17752,1
17753,1
17754,1
17755,0
17756,0
17757,1
17758,1
17759,0
17760,1
17761,1
17762,1
17763,1
17764,0
17765,0
17766,0
17767,0
17768,1
17769,0
17770,0
17771,0
17772,1
17773,0
17774,1
17775,1
17776,0
17777,1
17778,1
17779,1
17780,1
17781,0
17782,0
17783,1
17784,0
17785,1
17786,0
17787,0
17788,1
17789,1
17790,0
17791,1
17792,1
17793,1
17794,0
17795,0
17796,1
17797,0
17798,1
17799,0
17800,1
17801,0
17802,1
17803,1
17804,1
17805,0
17806,0
17807,0
17808,1
17809,1
17810,0
17811,1
17812,0
17813,1
17814,1
17815,1
17816,0
17817,1
17818,0
17819,0
17820,1
17821,0
17822,0
17823,0
17824,0
17825,1
17826,1
17827,1
17828,0
17829,0
17830,1
17831,1
17832,1
17833,1
17834,1
17835,0
17836,0
17837,0
17838,0
17839,0
17840,1
17841,0
17842,0
17843,1
17844,1
17845,0
17846,1
17847,1
17848,0
17849,1
17850,0
17851,1
17852,1
17853,1
17854,0
17855,1
17856,0
17857,1
17858,1
17859,1
17860,1
17861,1
17862,0
17863,1
17864,1
17865,1
17866,1
17867,1
17868,0
17869,1
17870,1
17871,1
17872,1
17873,1
17874,0
17875,1
17876,1
17877,1
17878,0
17879,1
17880,0
17881,0
17882,0
17883,1
17884,0
17885,1
17886,0
17887,0
17888,0
17889,0
17890,0
17891,1
17892,0
17893,0
17894,1
17895,0
17896,1
17897,1
17898,1
17899,0
17900,0
17901,1
17902,1
17903,0
17904,0
17905,1
17906,1
17907,0
17908,1
17909,1
17910,0
17911,1
17912,1
17913,1
17914,1
17915,0
17916,1
17917,0
17918,0
17919,1
17920,1
17921,1
17922,0
17923,0
17924,1
17925,0
17926,1
17927,0
17928,0
17929,1
17930,1
17931,1
17932,1
17933,0
17934,1
17935,1
17936,1
17937,0
17938,1
17939,1
17940,1
17941,1
17942,1
17943,1
17944,1
17945,0
17946,0
17947,0
17948,1
17949,0
17950,1
17951,1
17952,1
17953,1
17954,1
17955,0
17956,1
17957,1
17958,1
17959,0
17960,0
17961,0
17962,1
17963,0
17964,0
17965,1
17966,0
17967,0
17968,1
17969,0
17970,0
17971,0
17972,1
17973,0
17974,0
17975,0
17976,0
17977,0
17978,1
17979,0
17980,1
17981,0
17982,0
17983,1
17984,1
17985,1
17986,0
17987,1
17988,0
17989,0
17990,0
17991,1
17992,1
17993,1
17994,1
17995,0
17996,1
17997,0
17998,0
17999,1
18000,1
18001,0
18002,1
18003,1
18004,0
18005,1
18006,1
18007,0
18008,0
18009,0
18010,0
18011,1
18012,1
18013,1
18014,0
18015,0
18016,1
18017,1
18018,1
18019,1
18020,1
18021,1
18022,1
18023,1
18024,0
18025,1
18026,0
18027,1
18028,0
18029,1
18030,1
18031,1
18032,0
18033,1
18034,1
18035,0
18036,1
18037,0
18038,1
18039,0
18040,1
18041,1
18042,1
18043,0
18044,1
18045,1
18046,0
18047,1
18048,0
18049,1
18050,1
18051,1
18052,1
18053,1
18054,1
18055,1
18056,0
18057,1
18058,1
18059,1
18060,1
18061,1
18062,1
18063,1
18064,1
18065,1
18066,1
18067,1
18068,0
18069,1
18070,1
18071,0
18072,0
18073,1
18074,0
18075,0
18076,0
18077,1
18078,1
18079,1
18080,1
18081,0
18082,0
18083,1
18084,1
18085,1
18086,0
18087,1
18088,1
18089,1
18090,1
18091,1
18092,0
18093,1
18094,1
18095,1
18096,0
18097,0
18098,1
18099,0
18100,1
18101,1
18102,0
18103,0
18104,1
18105,0
18106,1
18107,1
18108,1
18109,0
18110,0
18111,1
18112,0
18113,0
18114,0
18115,1
18116,1
18117,1
18118,1
18119,1
18120,1
18121,0
18122,0
18123,1
18124,1
18125,1
18126,1
18127,0
18128,0
18129,1
18130,0
18131,1
18132,1
18133,1
18134,1
18135,0
18136,1
18137,1
18138,1
18139,1
18140,0
18141,1
18142,0
18143,1
18144,0
18145,1
18146,0
18147,1
18148,1
18149,1
18150,1
18151,0
18152,0
18153,1
18154,0
18155,0
18156,1
18157,1
18158,1
18159,0
18160,1
18161,0
18162,1
18163,1
18164,1
18165,1
18166,0
18167,0
18168,0
18169,1
18170,1
18171,0
18172,0
18173,0
18174,0
18175,0
18176,0
18177,1
18178,0
18179,1
18180,0
18181,0
18182,1
18183,1
18184,1
18185,0
18186,1
18187,0
18188,0
18189,1
18190,0
18191,0
18192,0
18193,0
18194,1
18195,1
18196,1
18197,0
18198,1
18199,1
18200,0
18201,0
18202,0
18203,1
18204,0
18205,0
18206,1
18207,1
18208,0
18209,0
18210,0
18211,1
18212,0
18213,1
18214,1
18215,1
18216,1
18217,0
18218,0
18219,0
18220,0
18221,1
18222,1
18223,0
18224,0
18225,0
18226,1
18227,0
18228,1
18229,0
18230,1
18231,0
18232,1
18233,0
18234,0
18235,1
18236,1
18237,1
18238,0
18239,1
18240,0
18241,1
18242,1
18243,1
18244,1
18245,0
18246,0
18247,1
18248,1
18249,1
18250,1
18251,0
18252,1
18253,1
18254,1
18255,1
18256,0
18257,0
18258,1
18259,0
18260,1
18261,1
18262,0
18263,0
18264,0
18265,1
18266,1
18267,1
18268,1
18269,1
18270,1
18271,1
18272,1
18273,1
18274,0
18275,0
18276,1
18277,0
18278,1
18279,0
18280,1
18281,1
18282,1
18283,0
18284,0
18285,0
18286,0
18287,1
18288,1
18289,0
18290,1
18291,1
18292,1
18293,0
18294,0
18295,1
18296,0
18297,1
18298,0
18299,1
18300,1
18301,1
18302,0
18303,0
18304,1
18305,0
18306,1
18307,0
18308,0
18309,0
18310,0
18311,0
18312,0
18313,0
18314,1
18315,0
18316,1
18317,1
18318,1
18319,1
18320,0
18321,0
18322,0
18323,0
18324,0
18325,0
18326,1
18327,1
18328,1
18329,1
18330,1
18331,0
18332,1
18333,1
18334,0
18335,0
18336,1
18337,1
18338,0
18339,0
18340,0
18341,1
18342,0
18343,1
18344,1
18345,1
18346,1
18347,1
18348,1
18349,0
18350,1
18351,0
18352,1
18353,1
18354,1
18355,0
18356,0
18357,0
18358,0
18359,0
18360,1
18361,1
18362,1
18363,1
18364,0
18365,0
18366,1
18367,1
18368,0
18369,1
18370,0
18371,1
18372,0
18373,0
18374,1
18375,0
18376,1
18377,0
18378,0
18379,1
18380,0
18381,0
18382,0
18383,0
18384,0
18385,1
18386,0
18387,1
18388,0
18389,1
18390,1
18391,1
18392,0
18393,1
18394,1
18395,1
18396,0
18397,1
18398,0
18399,1
18400,1
18401,0
18402,1
18403,0
18404,0
18405,1
18406,0
18407,0
18408,1
18409,0
18410,1
18411,0
18412,1
18413,0
18414,1
18415,1
18416,1
18417,0
18418,0
18419,1
18420,1
18421,1
18422,0
18423,0
18424,1
18425,1
18426,0
18427,1
18428,1
18429,1
18430,0
18431,1
18432,0
18433,1
18434,0
18435,0
18436,1
18437,1
18438,0
18439,1
18440,1
18441,0
18442,1
18443,1
18444,1
18445,0
18446,1
18447,1
18448,0
18449,1
18450,0
18451,0
18452,1
18453,0
18454,0
18455,0
18456,1
18457,0
18458,0
18459,0
18460,0
18461,1
18462,1
18463,1
18464,1
18465,1
18466,0
18467,0
18468,1
18469,1
18470,0
18471,1
18472,1
18473,1
18474,1
18475,0
18476,0
18477,0
18478,1
18479,1
18480,1
18481,1
18482,0
18483,1
18484,0
18485,0
18486,0
18487,0
18488,0
18489,1
18490,1
18491,1
18492,0
18493,1
18494,0
18495,0
18496,1
18497,1
18498,1
18499,1
18500,0
18501,1
18502,1
18503,1
18504,0
18505,1
18506,0
18507,1
18508,1
18509,1
18510,1
18511,1
18512,0
18513,0
18514,0
18515,1
18516,0
18517,1
18518,1
18519,0
18520,1
18521,0
18522,0
18523,1
18524,1
18525,0
18526,1
18527,0
18528,0
18529,1
18530,0
18531,0
18532,0
18533,1
18534,0
18535,1
18536,1
18537,0
18538,0
18539,0
18540,1
18541,1
18542,1
18543,1
18544,0
18545,1
18546,0
18547,1
18548,1
18549,1
18550,0
18551,1
18552,0
18553,0
18554,1
18555,1
18556,0
18557,0
18558,1
18559,1
18560,1
18561,0
18562,0
18563,1
18564,1
18565,1
18566,0
18567,1
18568,1
18569,1
18570,0
18571,0
18572,1
18573,1
18574,0
18575,0
18576,1
18577,1
18578,1
18579,1
18580,1
18581,1
18582,1
18583,1
18584,1
18585,1
18586,1
18587,0
18588,1
18589,0
18590,1
18591,1
18592,0
18593,1
18594,1
18595,0
18596,0
18597,0
18598,0
18599,0
18600,1
18601,0
18602,1
18603,0
18604,1
18605,1
18606,1
18607,1
18608,1
18609,1
18610,1
18611,1
18612,0
18613,0
18614,0
18615,1
18616,1
18617,0
18618,1
18619,1
18620,1
18621,0
18622,1
18623,0
18624,0
18625,1
18626,0
18627,1
18628,1
18629,0
18630,0
18631,0
18632,1
18633,1
18634,1
18635,1
18636,0
18637,1
18638,1
18639,1
18640,0
18641,0
18642,1
18643,0
18644,1
18645,1
18646,0
18647,1
18648,0
18649,1
18650,1
18651,1
18652,1
18653,0
18654,1
18655,1
18656,0
18657,0
18658,0
18659,1
18660,0
18661,0
18662,0
18663,1
18664,0
18665,1
18666,1
18667,1
18668,1
18669,1
18670,1
18671,0
18672,0
18673,1
18674,0
18675,1
18676,0
18677,0
18678,1
18679,0
18680,0
18681,0
18682,1
18683,1
18684,1
18685,1
18686,0
18687,0
18688,0
18689,1
18690,0
18691,0
18692,1
18693,0
18694,1
18695,0
18696,1
18697,1
18698,1
18699,1
18700,0
18701,1
18702,1
18703,0
18704,0
18705,1
18706,0
18707,0
18708,1
18709,1
18710,0
18711,0
18712,0
18713,1
18714,1
18715,0
18716,0
18717,0
18718,0
18719,0
18720,1
18721,0
18722,0
18723,0
18724,1
18725,0
18726,1
18727,1
18728,0
18729,1
18730,1
18731,1
18732,1
18733,0
18734,0
18735,0
18736,0
18737,1
18738,0
18739,1
18740,1
18741,0
18742,0
18743,1
18744,1
18745,0
18746,0
18747,0
18748,1
18749,1
18750,1
18751,1
18752,0
18753,0
18754,1
18755,0
18756,1
18757,0
18758,1
18759,0
18760,0
18761,1
18762,1
18763,1
18764,1
18765,0
18766,1
18767,1
18768,1
18769,1
18770,1
18771,1
18772,0
18773,1
18774,0
18775,0
18776,0
18777,1
18778,0
18779,1
18780,0
18781,0
18782,0
18783,0
18784,1
18785,1
18786,0
18787,1
18788,1
18789,1
18790,0
18791,0
18792,1
18793,0
18794,0
18795,0
18796,0
18797,1
18798,1
18799,1
18800,1
18801,1
18802,1
18803,0
18804,0
18805,0
18806,1
18807,1
18808,1
18809,1
18810,0
18811,0
18812,1
18813,0
18814,1
18815,0
18816,1
18817,0
18818,0
18819,1
18820,1
18821,1
18822,0
18823,0
18824,0
18825,1
18826,0
18827,0
18828,0
18829,1
18830,0
18831,1
18832,0
18833,1
18834,1
18835,1
18836,1
18837,1
18838,0
18839,1
18840,0
18841,1
18842,1
18843,1
18844,1
18845,0
18846,1
18847,1
18848,0
18849,1
18850,1
18851,1
18852,1
18853,0
18854,0
18855,1
18856,0
18857,1
18858,1
18859,0
18860,1
18861,1
18862,1
18863,0
18864,0
18865,1
18866,0
18867,0
18868,1
18869,1
18870,1
18871,1
18872,1
18873,0
18874,1
18875,0
18876,1
18877,0
18878,1
18879,1
18880,1
18881,0
18882,1
18883,0
18884,1
18885,1
18886,0
18887,1
18888,0
18889,0
18890,1
18891,0
18892,1
18893,0
18894,1
18895,0
18896,1
18897,0
18898,0
18899,1
18900,1
18901,1
18902,1
18903,1
18904,0
18905,0
18906,1
18907,1
18908,1
18909,0
18910,0
18911,0
18912,1
18913,1
18914,1
18915,1
18916,0
18917,1
18918,0
18919,0
18920,0
18921,1
18922,0
18923,1
18924,0
18925,0
18926,1
18927,0
18928,0
18929,1
18930,1
18931,1
18932,1
18933,1
18934,1
18935,1
18936,1
18937,0
18938,0
18939,1
18940,1
18941,0
18942,1
18943,0
18944,0
18945,1
18946,0
18947,1
18948,0
18949,1
18950,0
18951,0
18952,0
18953,0
18954,0
18955,1
18956,0
18957,0
18958,1
18959,1
18960,1
18961,0
18962,1
18963,1
18964,1
18965,0
18966,1
18967,1
18968,1
18969,1
18970,0
18971,1
18972,1
18973,1
18974,1
18975,0
18976,1
18977,0
18978,0
18979,1
18980,1
18981,1
18982,0
18983,0
18984,1
18985,0
18986,1
18987,1
18988,1
18989,1
18990,1
18991,0
18992,1
18993,1
18994,1
18995,1
18996,0
18997,1
18998,1
18999,1
19000,1
19001,1
19002,1
19003,1
19004,1
19005,1
19006,1
19007,1
19008,1
19009,1
19010,0
19011,1
19012,0
19013,1
19014,0
19015,1
19016,0
19017,1
19018,0
19019,1
19020,0
19021,1
19022,0
19023,1
19024,1
19025,1
19026,0
19027,0
19028,0
19029,0
19030,1
19031,1
19032,0
19033,0
19034,0
19035,0
19036,0
19037,0
19038,0
19039,1
19040,1
19041,0
19042,1
19043,0
19044,1
19045,0
19046,1
19047,1
19048,1
19049,1
19050,0
19051,1
19052,0
19053,1
19054,0
19055,1
19056,0
19057,0
19058,0
19059,1
19060,1
19061,1
19062,1
19063,0
19064,1
19065,0
19066,1
19067,1
19068,0
19069,0
19070,1
19071,1
19072,1
19073,0
19074,0
19075,0
19076,1
19077,0
19078,0
19079,0
19080,0
19081,0
19082,0
19083,1
19084,1
19085,1
19086,1
19087,1
19088,1
19089,0
19090,0
19091,1
19092,0
19093,1
19094,0
19095,1
19096,1
19097,0
19098,0
19099,0
19100,0
19101,1
19102,1
19103,0
19104,0
19105,1
19106,0
19107,1
19108,0
19109,1
19110,0
19111,1
19112,0
19113,0
19114,0
19115,0
19116,1
19117,0
19118,1
19119,1
19120,1
19121,0
19122,0
19123,0
19124,0
19125,1
19126,1
19127,1
19128,1
19129,0
19130,1
19131,0
19132,1
19133,1
19134,1
19135,0
19136,1
19137,0
19138,0
19139,1
19140,1
19141,0
19142,0
19143,1
19144,1
19145,0
19146,1
19147,0
19148,1
19149,1
19150,1
19151,1
19152,1
19153,1
19154,1
19155,1
19156,0
19157,1
19158,1
19159,0
19160,0
19161,1
19162,1
19163,1
19164,1
19165,1
19166,1
19167,1
19168,1
19169,1
19170,1
19171,1
19172,0
19173,1
19174,0
19175,1
19176,1
19177,0
19178,1
19179,1
19180,1
19181,0
19182,1
19183,1
19184,1
19185,0
19186,0
19187,0
19188,0
19189,0
19190,1
19191,1
19192,1
19193,1
19194,0
19195,1
19196,0
19197,0
19198,0
19199,1
19200,1
19201,1
19202,1
19203,0
19204,1
19205,1
19206,0
19207,1
19208,1
19209,1
19210,0
19211,0
19212,1
19213,0
19214,1
19215,1
19216,1
19217,1
19218,1
19219,1
19220,1
19221,1
19222,0
19223,1
19224,1
19225,0
19226,1
19227,0
19228,1
19229,1
19230,1
19231,1
19232,0
19233,1
19234,1
19235,1
19236,1
19237,0
19238,0
19239,1
19240,0
19241,1
19242,1
19243,0
19244,0
19245,1
19246,0
19247,0
19248,0
19249,1
19250,0
19251,1
19252,1
19253,1
19254,1
19255,1
19256,1
19257,1
19258,1
19259,1
19260,1
19261,0
19262,1
19263,1
19264,1
19265,1
19266,0
19267,1
19268,0
19269,1
19270,1
19271,0
19272,1
19273,0
19274,0
19275,1
19276,0
19277,0
19278,0
19279,1
19280,0
19281,0
19282,1
19283,1
19284,1
19285,1
19286,1
19287,1
19288,1
19289,1
19290,1
19291,0
19292,1
19293,1
19294,1
19295,1
19296,1
19297,1
19298,0
19299,1
19300,1
19301,0
19302,1
19303,1
19304,0
19305,0
19306,0
19307,0
19308,0
19309,1
19310,1
19311,1
19312,1
19313,1
19314,1
19315,0
19316,1
19317,1
19318,1
19319,1
19320,1
19321,1
19322,0
19323,0
19324,1
19325,1
19326,1
19327,1
19328,0
19329,0
19330,0
19331,0
19332,0
19333,1
19334,1
19335,1
19336,0
19337,1
19338,0
19339,1
19340,1
19341,1
19342,1
19343,1
19344,1
19345,1
19346,0
19347,1
19348,1
19349,1
19350,1
19351,1
19352,1
19353,1
19354,1
19355,1
19356,1
19357,1
19358,0
19359,1
19360,1
19361,1
19362,1
19363,0
19364,1
19365,0
19366,1
19367,1
19368,1
19369,1
19370,1
19371,0
19372,0
19373,0
19374,0
19375,1
19376,0
19377,1
19378,1
19379,1
19380,0
19381,1
19382,1
19383,1
19384,0
19385,1
19386,1
19387,1
19388,0
19389,1
19390,0
19391,1
19392,1
19393,1
19394,1
19395,0
19396,0
19397,1
19398,1
19399,0
19400,1
19401,1
19402,1
19403,1
19404,0
19405,0
19406,1
19407,1
19408,0
19409,0
19410,1
19411,0
19412,1
19413,1
19414,1
19415,1
19416,1
19417,1
19418,1
19419,1
19420,1
19421,0
19422,0
19423,0
19424,1
19425,0
19426,1
19427,1
19428,1
19429,0
19430,1
19431,1
19432,1
19433,1
19434,0
19435,1
19436,1
19437,0
19438,0
19439,1
19440,0
19441,1
19442,1
19443,1
19444,1
19445,0
19446,0
19447,0
19448,0
19449,1
19450,1
19451,1
19452,1
19453,1
19454,1
19455,1
19456,1
19457,1
19458,1
19459,1
19460,0
19461,0
19462,0
19463,0
19464,0
19465,0
19466,1
19467,0
19468,1
19469,1
19470,1
19471,1
19472,1
19473,1
19474,1
19475,1
19476,0
19477,0
19478,0
19479,1
19480,1
19481,0
19482,1
19483,1
19484,1
19485,0
19486,1
19487,0
19488,0
19489,1
19490,0
19491,1
19492,1
19493,0
19494,0
19495,0
19496,1
19497,1
19498,1
19499,1
19500,1
19501,1
19502,1
19503,1
19504,0
19505,1
19506,1
19507,0
19508,1
19509,1
19510,1
19511,1
19512,0
19513,1
19514,1
19515,1
19516,1
19517,1
19518,1
19519,1
19520,1
19521,0
19522,1
19523,1
19524,0
19525,0
19526,0
19527,1
19528,0
19529,1
19530,1
19531,1
19532,1
19533,1
19534,1
19535,0
19536,0
19537,1
19538,1
19539,1
19540,1
19541,0
19542,0
19543,1
19544,0
19545,0
19546,0
19547,1
19548,0
19549,1
19550,0
19551,0
19552,0
19553,0
19554,1
19555,1
19556,0
19557,0
19558,0
19559,0
19560,0
19561,1
19562,1
19563,1
19564,1
19565,1
19566,1
19567,1
19568,1
19569,1
19570,1
19571,0
19572,1
19573,1
19574,1
19575,1
19576,1
19577,1
19578,0
19579,1
19580,1
19581,0
19582,1
19583,1
19584,1
19585,1
19586,0
19587,1
19588,1
19589,0
19590,1
19591,1
19592,1
19593,0
19594,0
19595,1
19596,1
19597,1
19598,1
19599,1
19600,0
19601,0
19602,1
19603,0
19604,1
19605,0
19606,0
19607,0
19608,0
19609,1
19610,1
19611,1
19612,0
19613,1
19614,1
19615,1
19616,1
19617,1
19618,1
19619,1
19620,1
19621,1
19622,1
19623,1
19624,1
19625,1
19626,1
19627,1
19628,1
19629,1
19630,1
19631,1
19632,1
19633,1
19634,0
19635,1
19636,1
19637,1
19638,1
19639,1
19640,1
19641,0
19642,1
19643,1
19644,1
19645,1
19646,1
19647,1
19648,0
19649,1
19650,1
19651,1
19652,0
19653,0
19654,0
19655,1
19656,1
19657,0
19658,1
19659,1
19660,0
19661,0
19662,0
19663,1
19664,1
19665,1
19666,0
19667,0
19668,0
19669,0
19670,1
19671,0
19672,1
19673,1
19674,1
19675,1
19676,0
19677,0
19678,0
19679,1
19680,1
19681,1
19682,1
19683,0
19684,1
19685,1
19686,1
19687,0
19688,1
19689,1
19690,1
19691,1
19692,0
19693,1
19694,1
19695,1
19696,1
19697,0
19698,1
19699,0
19700,0
19701,1
19702,1
19703,1
19704,0
19705,0
19706,1
19707,0
19708,1
19709,1
19710,1
19711,1
19712,1
19713,1
19714,1
19715,1
19716,1
19717,1
19718,0
19719,1
19720,1
19721,1
19722,1
19723,1
19724,1
19725,1
19726,1
19727,1
19728,1
19729,1
19730,1
19731,1
19732,0
19733,1
19734,0
19735,1
19736,0
19737,1
19738,0
19739,1
19740,0
19741,1
19742,0
19743,1
19744,0
19745,1
19746,1
19747,1
19748,0
19749,0
19750,0
19751,0
19752,1
19753,1
19754,0
19755,0
19756,0
19757,0
19758,0
19759,0
19760,0
19761,1
19762,1
19763,0
19764,1
19765,0
19766,1
19767,0
19768,1
19769,1
19770,1
19771,1
19772,0
19773,1
19774,0
19775,1
19776,0
19777,1
19778,0
19779,0
19780,0
19781,1
19782,1
19783,1
19784,1
19785,0
19786,1
19787,0
19788,1
19789,1
19790,0
19791,0
19792,1
19793,1
19794,1
19795,0
19796,0
19797,0
19798,1
19799,0
19800,0
19801,0
19802,0
19803,0
19804,0
19805,1
19806,1
19807,1
19808,1
19809,1
19810,1
19811,0
19812,0
19813,1
19814,0
19815,1
19816,0
19817,1
19818,1
19819,0
19820,0
19821,0
19822,0
19823,1
19824,1
19825,0
19826,0
19827,1
19828,0
19829,1
19830,0
19831,1
19832,0
19833,1
19834,0
19835,0
19836,0
19837,0
19838,1
19839,1
19840,0
19841,1
19842,0
19843,1
19844,0
19845,1
19846,0
19847,1
19848,1
19849,1
19850,1
19851,1
19852,1
19853,1
19854,0
19855,0
19856,1
19857,1
19858,1
19859,1
19860,1
19861,0
19862,0
19863,1
19864,0
19865,1
19866,1
19867,1
19868,1
19869,1
19870,0
19871,0
19872,0
19873,1
19874,0
19875,1
19876,1
19877,0
19878,1
19879,0
19880,1
19881,1
19882,0
19883,1
19884,0
19885,1
19886,1
19887,1
19888,0
19889,1
19890,1
19891,1
19892,0
19893,0
19894,1
19895,1
19896,0
19897,0
19898,0
19899,1
19900,1
19901,0
19902,0
19903,1
19904,0
19905,1
19906,0
19907,0
19908,0
19909,1
19910,1
19911,1
19912,1
19913,0
19914,0
19915,1
19916,0
19917,1
19918,0
19919,0
19920,1
19921,1
19922,1
19923,1
19924,1
19925,0
19926,0
19927,1
19928,0
19929,1
19930,0
19931,1
19932,1
19933,1
19934,0
19935,1
19936,0
19937,0
19938,1
19939,0
19940,0
19941,0
19942,0
19943,0
19944,0
19945,0
19946,1
19947,1
19948,1
19949,1
19950,1
19951,0
19952,1
19953,0
19954,1
19955,1
19956,0
19957,1
19958,1
19959,0
19960,1
19961,0
19962,0
19963,0
19964,1
19965,1
19966,0
19967,1
19968,1
19969,0
19970,1
19971,0
19972,0
19973,1
19974,0
19975,0
19976,0
19977,0
19978,0
19979,1
19980,0
19981,0
19982,1
19983,1
19984,1
19985,0
19986,0
19987,1
19988,0
19989,0
19990,1
19991,1
19992,0
19993,0
19994,1
19995,1
19996,1
19997,0
19998,1
19999,0
20000,1
20001,1
20002,1
20003,0
20004,1
20005,0
20006,0
20007,1
20008,1
20009,1
20010,0
20011,1
20012,1
20013,1
20014,1
20015,1
20016,1
20017,1
20018,1
20019,0
20020,1
20021,1
20022,1
20023,1
20024,1
20025,1
20026,0
20027,0
20028,1
20029,1
20030,1
20031,1
20032,1
20033,1
20034,0
20035,1
20036,0
20037,0
20038,1
20039,1
20040,0
20041,0
20042,0
20043,1
20044,0
20045,0
20046,1
20047,1
20048,1
20049,0
20050,1
20051,0
20052,1
20053,0
20054,1
20055,1
20056,0
20057,0
20058,0
20059,0
20060,1
20061,1
20062,1
20063,1
20064,1
20065,1
20066,1
20067,0
20068,1
20069,0
20070,0
20071,1
20072,1
20073,1
20074,1
20075,1
20076,1
20077,0
20078,1
20079,0
20080,1
20081,1
20082,1
20083,1
20084,1
20085,1
20086,0
20087,0
20088,0
20089,0
20090,0
20091,0
20092,0
20093,0
20094,1
20095,1
20096,1
20097,1
20098,1
20099,1
20100,0
20101,0
20102,1
20103,1
20104,0
20105,1
20106,1
20107,1
20108,1
20109,0
20110,0
20111,0
20112,0
20113,1
20114,0
20115,0
20116,0
20117,1
20118,0
20119,1
20120,1
20121,0
20122,1
20123,1
20124,1
20125,1
20126,0
20127,0
20128,1
20129,0
20130,1
20131,0
20132,0
20133,1
20134,1
20135,0
20136,1
20137,1
20138,1
20139,1
20140,0
20141,1
20142,0
20143,1
20144,0
20145,0
20146,0
20147,1
20148,1
20149,1
20150,0
20151,0
20152,0
20153,1
20154,1
20155,0
20156,1
20157,0
20158,1
20159,1
20160,1
20161,0
20162,1
20163,0
20164,0
20165,1
20166,0
20167,0
20168,0
20169,0
20170,1
20171,1
20172,1
20173,0
20174,0
20175,1
20176,1
20177,1
20178,1
20179,1
20180,0
20181,0
20182,0
20183,0
20184,0
20185,1
20186,0
20187,0
20188,1
20189,1
20190,1
20191,1
20192,1
20193,0
20194,1
20195,0
20196,1
20197,1
20198,1
20199,0
20200,1
20201,0
20202,1
20203,1
20204,1
20205,1
20206,1
20207,0
20208,1
20209,1
20210,1
20211,1
20212,1
20213,0
20214,1
20215,1
20216,0
20217,1
20218,1
20219,0
20220,1
20221,1
20222,1
20223,0
20224,1
20225,0
20226,0
20227,0
20228,1
20229,0
20230,1
20231,0
20232,0
20233,0
20234,0
20235,0
20236,1
20237,0
20238,0
20239,1
20240,0
20241,1
20242,1
20243,1
20244,0
20245,0
20246,1
20247,1
20248,0
20249,0
20250,1
20251,1
20252,0
20253,1
20254,1
20255,0
20256,1
20257,1
20258,1
20259,1
20260,0
20261,1
20262,0
20263,0
20264,1
20265,1
20266,1
20267,0
20268,0
20269,1
20270,1
20271,1
20272,1
20273,0
20274,1
20275,1
20276,1
20277,1
20278,1
20279,1
20280,1
20281,1
20282,1
20283,0
20284,0
20285,1
20286,0
20287,1
20288,1
20289,1
20290,1
20291,1
20292,0
20293,1
20294,1
20295,1
20296,0
20297,0
20298,0
20299,1
20300,0
20301,0
20302,1
20303,0
20304,0
20305,1
20306,0
20307,0
20308,0
20309,1
20310,0
20311,0
20312,0
20313,1
20314,0
20315,1
20316,0
20317,1
20318,0
20319,0
20320,1
20321,1
20322,1
20323,0
20324,1
20325,0
20326,0
20327,0
20328,1
20329,1
20330,1
20331,1
20332,0
20333,1
20334,0
20335,0
20336,1
20337,1
20338,0
20339,1
20340,1
20341,0
20342,1
20343,1
20344,0
20345,0
20346,0
20347,0
20348,1
20349,1
20350,1
20351,0
20352,0
20353,1
20354,1
20355,1
20356,1
20357,1
20358,1
20359,1
20360,1
20361,0
20362,1
20363,0
20364,1
20365,0
20366,1
20367,1
20368,1
20369,0
20370,1
20371,1
20372,0
20373,1
20374,0
20375,1
20376,0
20377,1
20378,1
20379,1
20380,0
20381,1
20382,1
20383,0
20384,1
20385,0
20386,1
20387,1
20388,1
20389,1
20390,1
20391,1
20392,1
20393,0
20394,1
20395,1
20396,1
20397,1
20398,1
20399,1
20400,1
20401,1
20402,1
20403,1
20404,1
20405,0
20406,0
20407,1
20408,1
20409,0
20410,1
20411,0
20412,0
20413,0
20414,1
20415,1
20416,1
20417,1
20418,0
20419,0
20420,1
20421,1
20422,0
20423,0
20424,0
20425,0
20426,0
20427,0
20428,1
20429,0
20430,1
20431,0
20432,0
20433,1
20434,1
20435,1
20436,0
20437,1
20438,0
20439,0
20440,1
20441,0
20442,0
20443,0
20444,0
20445,1
20446,1
20447,1
20448,0
20449,1
20450,1
20451,0
20452,0
20453,0
20454,1
20455,0
20456,0
20457,1
20458,1
20459,0
20460,0
20461,0
20462,1
20463,0
20464,1
20465,1
20466,1
20467,1
20468,0
20469,0
20470,0
20471,0
20472,1
20473,1
20474,0
20475,0
20476,0
20477,1
20478,0
20479,1
20480,0
20481,1
20482,0
20483,1
20484,0
20485,0
20486,1
20487,1
20488,1
20489,0
20490,1
20491,0
20492,1
20493,1
20494,1
20495,1
20496,0
20497,0
20498,1
20499,1
20500,1
20501,1
20502,0
20503,1
20504,1
20505,1
20506,1
20507,0
20508,0
20509,1
20510,0
20511,1
20512,1
20513,1
20514,0
20515,0
20516,1
20517,1
20518,0
20519,1
20520,1
20521,1
20522,1
20523,1
20524,1
20525,0
20526,0
20527,1
20528,0
20529,1
20530,0
20531,1
20532,1
20533,1
20534,0
20535,0
20536,0
20537,0
20538,1
20539,1
20540,0
20541,1
20542,1
20543,1
20544,0
20545,0
20546,1
20547,0
20548,1
20549,0
20550,1
20551,1
20552,1
20553,0
20554,0
20555,1
20556,0
20557,1
20558,0
20559,0
20560,0
20561,0
20562,0
20563,0
20564,0
20565,1
20566,0
20567,1
20568,1
20569,1
20570,1
20571,0
20572,0
20573,0
20574,0
20575,0
20576,0
20577,1
20578,1
20579,1
20580,1
20581,1
20582,0
20583,1
20584,1
20585,0
20586,0
20587,1
20588,1
20589,0
20590,0
20591,0
20592,1
20593,0
20594,1
20595,1
20596,1
20597,1
20598,1
20599,1
20600,0
20601,1
20602,0
20603,1
20604,1
20605,1
20606,0
20607,0
20608,0
20609,0
20610,0
20611,1
20612,1
20613,1
20614,1
20615,0
20616,0
20617,1
20618,1
20619,0
20620,1
20621,0
20622,1
20623,0
20624,1
20625,1
20626,0
20627,1
20628,0
20629,0
20630,1
20631,0
20632,0
20633,0
20634,0
20635,0
20636,1
20637,0
20638,1
20639,0
20640,1
20641,1
20642,1
20643,0
20644,1
20645,1
20646,0
20647,1
20648,1
20649,1
20650,0
20651,1
20652,0
20653,1
20654,0
20655,0
20656,1
20657,1
20658,0
20659,1
20660,1
20661,0
20662,1
20663,1
20664,1
20665,0
20666,1
20667,1
20668,0
20669,1
20670,0
20671,0
20672,1
20673,0
20674,0
20675,0
20676,1
20677,0
20678,0
20679,0
20680,0
20681,1
20682,1
20683,1
20684,1
20685,1
20686,0
20687,0
20688,1
20689,1
20690,0
20691,1
20692,1
20693,1
20694,1
20695,0
20696,0
20697,0
20698,1
20699,1
20700,1
20701,1
20702,0
20703,1
20704,0
20705,0
20706,0
20707,1
20708,0
20709,1
20710,1
20711,1
20712,0
20713,1
20714,0
20715,0
20716,1
20717,1
20718,1
20719,1
20720,0
20721,1
20722,1
20723,1
20724,0
20725,1
20726,0
20727,1
20728,1
20729,1
20730,1
20731,1
20732,0
20733,0
20734,0
20735,1
20736,0
20737,1
20738,1
20739,0
20740,1
20741,0
20742,0
20743,1
20744,1
20745,0
20746,1
20747,0
20748,0
20749,1
20750,0
20751,0
20752,0
20753,1
20754,0
20755,1
20756,1
20757,0
20758,0
20759,0
20760,1
20761,1
20762,1
20763,1
20764,0
20765,1
20766,0
20767,1
20768,1
20769,1
20770,0
20771,1
20772,0
20773,0
20774,1
20775,1
20776,1
20777,0
20778,1
20779,1
20780,1
20781,1
20782,1
20783,1
20784,1
20785,1
20786,1
20787,1
20788,1
20789,1
20790,1
20791,1
20792,1
20793,1
20794,1
20795,1
20796,1
20797,1
20798,0
20799,1
20800,1
20801,1
20802,1
20803,0
20804,1
20805,0
20806,1
20807,1
20808,1
20809,1
20810,1
20811,1
20812,1
20813,1
20814,0
20815,0
20816,0
20817,1
20818,1
20819,0
20820,1
20821,1
20822,1
20823,0
20824,1
20825,0
20826,0
20827,1
20828,0
20829,1
20830,1
20831,0
20832,0
20833,0
20834,1
20835,1
20836,1
20837,1
20838,1
20839,1
20840,1
20841,1
20842,0
20843,0
20844,1
20845,0
20846,1
20847,1
20848,0
20849,1
20850,0
20851,1
20852,1
20853,1
20854,1
20855,0
20856,1
20857,1
20858,0
20859,0
20860,0
20861,1
20862,0
20863,0
20864,0
20865,1
20866,0
20867,1
20868,1
20869,1
20870,1
20871,1
20872,1
20873,0
20874,0
20875,1
20876,0
20877,1
20878,0
20879,0
20880,1
20881,0
20882,0
20883,0
20884,1
20885,1
20886,1
20887,1
20888,0
20889,0
20890,0
20891,1
20892,0
20893,0
20894,1
20895,0
20896,1
20897,0
20898,1
20899,1
20900,1
20901,1
20902,0
20903,1
20904,1
20905,0
20906,0
20907,1
20908,0
20909,0
20910,1
20911,1
20912,0
20913,0
20914,0
20915,1
20916,1
20917,0
20918,0
20919,0
20920,0
20921,1
20922,1
20923,0
20924,0
20925,0
20926,1
20927,0
20928,1
20929,1
20930,0
20931,1
20932,1
20933,1
20934,1
20935,0
20936,0
20937,0
20938,0
20939,1
20940,0
20941,1
20942,1
20943,0
20944,0
20945,1
20946,1
20947,0
20948,0
20949,0
20950,1
20951,1
20952,0
20953,1
20954,1
20955,1
20956,0
20957,1
20958,0
20959,0
20960,0
20961,1
20962,0
20963,1
20964,0
20965,0
20966,0
20967,0
20968,1
20969,1
20970,0
20971,1
20972,1
20973,1
20974,0
20975,0
20976,1
20977,0
20978,0
20979,0
20980,0
20981,1
20982,1
20983,1
20984,1
20985,1
20986,1
20987,0
20988,0
20989,0
20990,1
20991,1
20992,1
20993,1
20994,0
20995,0
20996,1
20997,0
20998,1
20999,0
21000,1
21001,0
21002,0
21003,1
21004,1
21005,1
21006,0
21007,0
21008,0
21009,1
21010,0
21011,0
21012,0
21013,1
21014,0
21015,1
21016,0
21017,1
21018,1
21019,1
21020,1
21021,1
21022,0
21023,1
21024,0
21025,1
21026,1
21027,1
21028,1
21029,0
21030,1
21031,1
21032,0
21033,1
21034,0
21035,1
21036,1
21037,0
21038,0
21039,1
21040,0
21041,1
21042,1
21043,0
21044,1
21045,1
21046,1
21047,0
21048,0
21049,1
21050,0
21051,0
21052,1
21053,1
21054,1
21055,1
21056,0
21057,0
21058,1
21059,0
21060,1
21061,0
21062,1
21063,1
21064,1
21065,0
21066,1
21067,0
21068,1
21069,1
21070,0
21071,1
21072,0
21073,0
21074,1
21075,0
21076,1
21077,0
21078,1
21079,0
21080,1
21081,0
21082,0
21083,1
21084,1
21085,1
21086,1
21087,1
21088,0
21089,1
21090,1
21091,1
21092,1
21093,0
21094,0
21095,0
21096,1
21097,1
21098,1
21099,1
21100,0
21101,1
21102,0
21103,0
21104,0
21105,1
21106,0
21107,1
21108,0
21109,0
21110,1
21111,0
21112,0
21113,1
21114,1
21115,1
21116,1
21117,1
21118,1
21119,1
21120,1
21121,0
21122,0
21123,1
21124,1
21125,0
21126,1
21127,0
21128,0
21129,1
21130,0
21131,1
21132,0
21133,1
21134,0
21135,0
21136,0
21137,0
21138,0
21139,1
21140,0
21141,0
21142,1
21143,1
21144,1
21145,0
21146,1
21147,1
21148,1
21149,0
21150,1
21151,1
21152,1
21153,1
21154,0
21155,1
21156,1
21157,1
21158,1
21159,0
21160,1
21161,0
21162,0
21163,1
21164,1
21165,1
21166,0
21167,0
21168,1
21169,0
21170,1
21171,1
21172,1
21173,1
21174,1
21175,1
21176,1
21177,1
21178,1
21179,1
21180,0
21181,1
21182,1
21183,1
21184,1
21185,1
21186,1
21187,1
21188,1
21189,1
21190,1
21191,1
21192,1
21193,1
21194,0
21195,1
21196,0
21197,1
21198,0
21199,1
21200,0
21201,1
21202,0
21203,1
21204,0
21205,1
21206,0
21207,1
21208,1
21209,1
21210,0
21211,0
21212,0
21213,0
21214,1
21215,1
21216,0
21217,0
21218,0
21219,0
21220,0
21221,0
21222,0
21223,1
21224,1
21225,0
21226,1
21227,0
21228,1
21229,0
21230,1
21231,1
21232,1
21233,1
21234,0
21235,1
21236,0
21237,1
21238,0
21239,1
21240,0
21241,0
21242,0
21243,1
21244,1
21245,1
21246,1
21247,0
21248,1
21249,0
21250,1
21251,1
21252,0
21253,0
21254,1
21255,1
21256,1
21257,0
21258,0
21259,0
21260,1
21261,0
21262,1
21263,0
21264,0
21265,0
21266,0
21267,1
21268,1
21269,1
21270,1
21271,1
21272,1
21273,0
21274,0
21275,1
21276,0
21277,1
21278,0
21279,1
21280,1
21281,0
21282,0
21283,0
21284,0
21285,1
21286,1
21287,0
21288,0
21289,0
21290,1
21291,0
21292,1
21293,0
21294,1
21295,0
21296,0
21297,0
21298,0
